Invoice_ID,Project_ID,Client_ID,Invoice_Date,Due_Date,Invoice_Subtotal_CAD,Tax_Rate,Tax_Amount_CAD,Total_Invoice_Amount_CAD,Invoice_Status
INV-000001,PRJ-0001,CLT-005,2024-08-25,2024-09-24,30935.3,0.12,3712.24,34647.54,Paid
INV-000002,PRJ-0001,CLT-005,2024-11-06,2024-12-06,14957.73,0.12,1794.93,16752.66,
INV-000003,PRJ-0001,CLT-005,2025-01-04,2025-02-03,20014.22,0.12,2401.71,22415.93,Paid
INV-000004,PRJ-0002,CLT-026,2024-06-22,2024-08-06,46580.22,,,,Partially Paid - Overdue
INV-000005,PRJ-0002,CLT-026,2024-08-07,2024-09-21,56667.92,0.05,2833.4,59501.32,Paid
INV-000006,PRJ-0003, CLT-072 ,2025-06-03,2025-07-03,21083.58,0.13,2740.87,23824.45,Paid
INV-000007,PRJ-0003,CLT-072,2025-06-24,2025-07-24,12943.97,0.13,1682.72,14626.69,Partially Paid - Overdue
INV-000008,PRJ-0004,CLT-033,2024-01-05,2024-02-04,88530.58,0.13,11508.98,100039.56,Paid
INV-000009,PRJ-0004,CLT-033,2024-03-27,2024-04-26,57605.26,0.13,7488.68,65093.94,Paid
INV-000010,PRJ-0004,CLT-033,2024-07-07,2024-08-06,104927.58,0.13,13640.59,118568.17,
INV-000011,PRJ-0005,CLT-059,2025-10-07,2025-11-21,24558.29,0.13,3192.58,27750.87,paid
INV-000012,PRJ-0005,CLT-059,2025-12-13,2026-01-27,15754.36,0.13,2048.07,17802.43,Partially Paid
INV-000013,PRJ-0006,CLT-033,2024-12-19,2025-01-18,52071.74,0.13,6769.33,58841.07,Partially Paid - Overdue
INV-000014,PRJ-0006,CLT-033,2025-01-15,2025-02-14,47999.72,0.13,6239.96,54239.68,Paid
INV-000015,PRJ-0006,CLT-033,2025-02-27,2025-03-29,44351.23,0.13,5765.66,50116.89,Paid
INV-000016,PRJ-0007,CLT-066,2025-03-10,2025-04-09,46220.67,0.13,6008.69,52229.36,Paid
INV-000017,PRJ-0007 ,CLT-066,2025-05-14,2025-06-13,47886.66,0.13,6225.27,54111.93,Overdue
INV-000018,PRJ-0007,CLT-066,2025-08-09,2025-09-08,33228.49,0.13,4319.7,37548.19,Paid
INV-000019,PRJ-0008,CLT-032,2025-06-04,2025-07-19,72782.02,0.14975,10899.11,83681.13,Paid
INV-000020, PRJ-0008 ,CLT-032,2025-06-17,2025-08-01,83367.46,0.14975,12484.28,95851.74,Paid
INV-000021,PRJ-0008,CLT-032,2025-08-04,2025-09-18,70592.19,0.14975,10571.18,81163.37,Overdue
INV-000022,PRJ-0009,CLT-032,2025-02-28,2025-04-14,121824.26,0.14975,18243.18,140067.44,Paid
INV-000023,PRJ-0009,CLT-032,2025-05-04,2025-06-18,141310.82,0.14975,21161.3,162472.12,Paid
INV-000024,PRJ-0009,CLT-032,2025-07-17,2025-08-31,140548.19,0.14975,21047.09,161595.28,Partially Paid - Overdue
INV-000025,PRJ-0010,CLT-066,2023-11-09,2023-12-09,32434.09,0.13,4216.43,36650.52,Paid
INV-000026,PRJ-0010,CLT-066,2023-11-29,2023-12-29,46086.3,0.13,5991.22,52077.52,Paid
INV-000027,PRJ-0010,CLT-066,2023-12-20,2024-01-19,49569.83,0.13,6444.08,56013.91,Paid
INV-000028,PRJ-0011,CLT-022,2025-02-06,2025-03-08,78886.97,0.05,3944.35,82831.32,Paid
INV-000029,PRJ-0011,CLT-022,2025-04-08,2025-05-08,40278.85,0.05,2013.94,42292.79,Paid
INV-000030,PRJ-0011,CLT-022,2025-06-15,2025-07-15,72927.73,0.05,3646.39,76574.12,Partially Paid - Overdue
INV-000031,PRJ-0012,CLT-002,2025-04-10,2025-05-25,46083.36,0.14975,6900.98,52984.34,Overdue
INV-000032,PRJ-0013,CLT-052,2025-05-21,2025-07-05,38355.3,0.13,4986.19,43341.49,Paid
INV-000033,PRJ-0014,CLT-031,2024-12-12,2024-12-27,27127.85,0.14975,4062.4,31190.25,Paid
INV-000034,PRJ-0014,CLT-031,2025-02-06,2025-02-21,22567.2,0.14975,3379.44,25946.64,Paid
INV-000035,PRJ-0014 ,CLT-031,2025-04-13,2025-04-28,27509.39,0.14975,4119.53,31628.92,Paid
INV-000036,PRJ-0015,CLT-044,2024-12-26,2025-01-25,60541.8,,,,Partially Paid - Overdue
INV-000037,PRJ-0015,CLT-044,2025-02-15,2025-03-17,84548.16,0.13,10991.26,95539.42,Paid
INV-000038,PRJ-0016,CLT-089,2024-12-08,2025-01-22,51242.53,0.15,7686.38,58928.91,Paid
INV-000039,PRJ-0016,CLT-089,2025-03-09,2025-04-23,26919.49,0.15,4037.92,30957.41,Paid
INV-000040,PRJ-0016,CLT-089,2025-06-04,2025-07-19,47649.81,0.15,7147.47,54797.28,Paid
INV-000041,PRJ-0017,CLT-051,2024-09-05,2024-10-20,51442.1,0.12,6173.05,57615.15,Paid
INV-000042,PRJ-0017, CLT-051 ,2024-09-27,2024-11-11,42316.98,0.12,5078.04,47395.02,Partially Paid - Overdue
INV-000043,PRJ-0018,CLT-088,2025-03-29,2025-05-13,108565.08,0.12,13027.81,121592.89,Paid
INV-000044,PRJ-0018,CLT-088,2025-06-11,2025-07-26,129844.69,0.12,15581.36,145426.05,Paid
INV-000045,PRJ-0018,clt-088,2025-08-15,2025-09-29,148938.91,,,,Partially Paid - Overdue
INV-000046,PRJ-0019,CLT-009,2023-01-23,2023-02-22,36104.82,0.05,1805.24,37910.06,Partially Paid - Overdue
INV-000047,PRJ-0019,clt-009,2023-03-02,2023-04-01,50162.64,0.05,2508.13,52670.77,Paid
INV-000048,PRJ-0020,CLT-054,2023-06-24,2023-08-08,30271.33,0.12,3632.56,33903.89,Partially Paid - Overdue
INV-000049,PRJ-0020,CLT-054,2023-06-27,2023-08-11,52708.53,0.12,6325.02,59033.55,Paid
INV-000050,PRJ-0020,CLT-054,2023-07-26,2023-09-09,44844.49,,,,Overdue
INV-000051,PRJ-0020,CLT-054,2023-08-14,2023-09-28,52213.58,0.12,6265.63,58479.21,Paid
INV-000052,PRJ-0021, CLT-030 ,2023-11-08,2023-11-23,158011.62,0.13,20541.51,178553.13,Paid
INV-000053,PRJ-0021,CLT-030,2023-12-02,2023-12-17,130052.08,0.13,16906.77,146958.85,Partially Paid - Overdue
INV-000054,PRJ-0021,CLT-030,2024-01-03,2024-01-18,124082.56,0.13,16130.73,140213.29,Paid
INV-000055,PRJ-0022,CLT-009,2023-04-03,2023-05-03,22643.81,0.05,1132.19,23776,Partially Paid - Overdue
INV-000056,PRJ-0022,clt-009,2023-07-04,2023-08-03,15615.57,,,,Partially Paid - Overdue
INV-000057, PRJ-0022,CLT-009,2023-09-08,2023-10-08,22017.33,,,,Partially Paid - Overdue
INV-000058,PRJ-0023,CLT-083,2025-08-26,2025-09-25,18692.16,0.13,2429.98,21122.14,Partially Paid - Overdue
INV-000059,PRJ-0024,CLT-074,2024-03-09,2024-05-08,55117.69,0.13,7165.3,62282.99,Paid
INV-000060,PRJ-0024,CLT-074,2024-04-19,2024-06-18,101734.32,0.13,13225.46,114959.78,Paid
INV-000061,PRJ-0024,CLT-074,2024-05-06,2024-07-05,125447.59,0.13,16308.19,141755.78,Paid
INV-000062,PRJ-0025,CLT-095,2024-07-16,2024-08-15,82602.76,0.13,10738.36,93341.12,Paid
INV-000063,PRJ-0025,CLT-095,2024-08-30,2024-09-29,64923.94,0.13,8440.11,73364.05,Paid
INV-000064,PRJ-0025,CLT-095,2024-10-10,2024-11-09,99634.42,0.13,12952.47,112586.89,Paid
INV-000065,PRJ-0026,CLT-041,2024-04-06,2024-05-06,47269.02,0.14975,7078.54,54347.56,
INV-000066,PRJ-0027,CLT-050,2025-09-24,2025-10-24,83557.03,0.14975,12512.67,96069.7,Paid
INV-000067,PRJ-0027,CLT-050,2025-10-22,2025-11-21,53509.93,0.14975,8013.11,61523.04,Paid
INV-000068,PRJ-0028,CLT-044,2024-12-28,2025-01-27,64423.33,0.13,8375.03,72798.36,Paid
INV-000069,PRJ-0028,CLT-044,2025-02-14,2025-03-16,59616.26,0.13,7750.11,67366.37,Partially Paid - Overdue
INV-000070,PRJ-0028,CLT-044,2025-04-03,2025-05-03,56729.84,0.13,7374.88,64104.72,Paid
INV-000071,PRJ-0028,CLT-044,2025-05-16,2025-06-15,32467.72,0.13,4220.8,36688.52,Paid
INV-000072,PRJ-0029,CLT-053,2024-03-18,2024-04-17,66910.18,,,,Paid
INV-000073,PRJ-0029, CLT-053,2024-06-08,2024-07-08,75167.24,,,,Overdue
INV-000074, PRJ-0029 ,CLT-053,2024-08-09,2024-09-08,109605.48,0.13,14248.71,123854.19,
INV-000075,PRJ-0029,CLT-053,2024-10-09,2024-11-08,99091.82,0.13,12881.94,111973.76,Paid
INV-000076,PRJ-0030,CLT-046,2025-07-15,2025-08-14,24999.79,0.12,2999.97,27999.76,Overdue
INV-000077,PRJ-0030,CLT-046,2025-10-04,2025-11-03,35299.68,0.12,4235.96,39535.64,Overdue
INV-000078,PRJ-0030,CLT-046,2025-12-03,2026-01-02,43581.46,0.12,5229.78,48811.24,Partially Paid
INV-000079,PRJ-0031,CLT-056,2023-05-24,2023-06-23,37526.13,0.13,4878.4,42404.53,Paid
INV-000080,PRJ-0031,CLT-056,2023-07-22,2023-08-21,37319.38,0.13,4851.52,42170.9,Paid
INV-000081,PRJ-0031,CLT-056,2023-09-04,2023-10-04,40128.36,0.13,5216.69,45345.05,Partially Paid - Overdue
INV-000082,PRJ-0032,CLT-053,2025-07-15,2025-08-14,47251.33,0.13,6142.67,53394,Paid
INV-000083,PRJ-0032,CLT-053,2025-11-03,2025-12-03,34175.63,0.13,4442.83,38618.46,Overdue
INV-000084,PRJ-0033,CLT-075,2024-10-09,2024-11-08,31484.08,0.13,4092.93,35577.01,Paid
INV-000085,PRJ-0033,CLT-075,2024-12-06,2025-01-05,28850.01,0.13,3750.5,32600.51,Paid
INV-000086,PRJ-0033,CLT-075,2025-01-26,2025-02-25,44118.85,0.13,5735.45,49854.3,Paid
INV-000087,PRJ-0034,CLT-004,2024-10-25,2024-11-24,71246.89,,,,Paid
INV-000088,PRJ-0034,CLT-004,2025-01-23,2025-02-22,66997.88,0.13,8709.72,75707.6,Paid
INV-000089,PRJ-0035,CLT-013,2025-11-25,2025-12-25,38193.41,0.12,4583.21,42776.62,Overdue
INV-000090,PRJ-0036,CLT-025,2023-05-28,2023-06-27,98881.58,0.13,12854.61,111736.19,Paid
INV-000091,PRJ-0036,CLT-025,2023-06-02,2023-07-02,102933.17,0.13,13381.31,116314.48,Paid
INV-000092,PRJ-0036,CLT-025,2023-06-15,2023-07-15,128166.98,0.13,16661.71,144828.69,Paid
INV-000093,PRJ-0037,CLT-058,2023-02-04,2023-03-06,38504.81,0.05,1925.24,40430.05,Paid
INV-000094,PRJ-0037,CLT-058,2023-02-16,2023-03-18,54002.87,0.05,2700.14,56703.01,Paid
INV-000095,PRJ-0037,CLT-058,2023-03-18,2023-04-17,63944.54,0.05,3197.23,67141.77,Paid
INV-000096,PRJ-0038,CLT-006,2025-09-28,2025-11-12,24890.67,0.12,2986.88,27877.55,overdue
INV-000097,PRJ-0038,CLT-006,2025-10-30,2025-12-14,26471.72,0.12,3176.61,29648.33,Overdue
INV-000098,PRJ-0038,CLT-006,2025-12-30,2026-02-13,25331.21,,,,
INV-000099,PRJ-0039,CLT-034,2024-10-11,2024-11-10,28713.88,0.14975,4299.9,33013.78,Partially Paid - Overdue
INV-000100,PRJ-0039,CLT-034,2024-11-27,2024-12-27,34061.33,,,,
INV-000101,PRJ-0039,CLT-034,2025-01-02,2025-02-01,34703.79,0.14975,5196.89,39900.68,Partially Paid - Overdue
INV-000102,PRJ-0039,CLT-034,2025-02-11,2025-03-13,56009.38,0.14975,8387.4,64396.78,Paid
INV-000103,PRJ-0040,CLT-059,2023-05-13,2023-06-27,13654.32,0.13,1775.06,15429.38,
INV-000104,PRJ-0040,CLT-059,2023-07-28,2023-09-11,23512.42,0.13,3056.61,26569.03,Paid
INV-000105,PRJ-0041,CLT-058,2024-02-04,2024-03-05,27256.45,0.05,1362.82,28619.27,Overdue
INV-000106,PRJ-0041,CLT-058,2024-02-12,2024-03-13,21252.48,0.05,1062.62,22315.1,Partially Paid - Overdue
INV-000107,PRJ-0041,CLT-058,2024-03-10,2024-04-09,25561.43,0.05,1278.07,26839.5,Overdue
INV-000108,PRJ-0042,CLT-053,2024-03-30,2024-04-29,97177.23,0.13,12633.04,109810.27,Paid
INV-000109,PRJ-0042,CLT-053,2024-06-09,2024-07-09,104189.42,0.13,13544.62,117734.04,Paid
INV-000110,PRJ-0042,CLT-053,2024-07-31,2024-08-30,111656.7,0.13,14515.37,126172.07,Paid
INV-000111,PRJ-0043,CLT-050,2025-11-10,2025-12-10,52769.16,,,,Partially Paid - Overdue
INV-000112,PRJ-0043,CLT-050,2025-12-31,2026-01-30,36886.9,0.14975,5523.81,42410.71,Open
INV-000113,PRJ-0044,CLT-058,2025-02-16,2025-03-18,135383.1,0.05,6769.16,142152.26,Paid
INV-000114,PRJ-0044,CLT-058,2025-03-19,2025-04-18,99490.99,0.05,4974.55,104465.54,Partially Paid - Overdue
INV-000115,PRJ-0044,CLT-058,2025-05-01,2025-05-31,75505.9,0.05,3775.3,79281.2,Paid
INV-000116,PRJ-0045, CLT-002,2025-08-02,2025-09-16,31987.12,0.14975,4790.07,36777.19,Paid
INV-000117,PRJ-0045,CLT-002,2025-09-13,2025-10-28,46287.98,0.14975,6931.63,53219.61,Paid
INV-000118,PRJ-0045,CLT-002,2025-10-16,2025-11-30,30744.79,0.14975,4604.03,35348.82,Paid
INV-000119,PRJ-0046,CLT-028,2023-02-16,2023-04-02,22753.11,0.12,2730.37,25483.48,
INV-000120,PRJ-0046,CLT-028,2023-03-12,2023-04-26,22613.55,,,,Paid
INV-000121,PRJ-0046,CLT-028,2023-04-04,2023-05-19,26154.8,0.12,3138.58,29293.38,Paid
INV-000122,PRJ-0047,CLT-075,2023-05-22,2023-06-21,33968.59,0.13,4415.92,38384.51,Overdue
INV-000123,PRJ-0047,CLT-075,2023-05-23,2023-06-22,62210.47,0.13,8087.36,70297.83,Paid
INV-000124,PRJ-0047,CLT-075,2023-06-21,2023-07-21,31153.11,0.13,4049.9,35203.01,Paid
INV-000125,PRJ-0047,CLT-075,2023-06-26,2023-07-26,35508.83,0.13,4616.15,40124.98,Paid
INV-000126,PRJ-0048,CLT-040,2024-06-10,2024-06-25,62550.46,0.05,3127.52,65677.98,Paid
INV-000127,PRJ-0048,CLT-040,2024-07-11,2024-07-26,63298.27,0.05,3164.91,66463.18,Partially Paid - Overdue
INV-000128,PRJ-0048,CLT-040,2024-07-25,2024-08-09,75751.5,0.05,3787.58,79539.08,overdue
INV-000129,PRJ-0049,CLT-021,2023-11-12,2023-12-12,34306.15,0.14975,5137.35,39443.5,Paid
INV-000130,PRJ-0049,CLT-021,2024-01-12,2024-02-11,26529.67,0.14975,3972.82,30502.49,Paid
INV-000131,PRJ-0049,CLT-021,2024-02-18,2024-03-19,21303.58,0.14975,3190.21,24493.79,Paid
INV-000132,PRJ-0050,CLT-049,2023-12-22,2024-02-05,46102.88,0.14975,6903.91,53006.79,Paid
INV-000133,PRJ-0050,CLT-049,2024-01-13,2024-02-27,32365.1,0.14975,4846.67,37211.77,Paid
INV-000134,PRJ-0050,CLT-049,2024-01-14,2024-02-28,28576.53,0.14975,4279.34,32855.87,Paid
INV-000135,PRJ-0051,CLT-042,2025-11-03,2025-12-03,52465.55,0.14975,7856.72,60322.27,Paid
INV-000136,PRJ-0051,CLT-042,2025-12-27,2026-01-26,51268,0.14975,7677.38,58945.38,Open
INV-000137,PRJ-0052,CLT-055,2025-12-29,2026-01-28,28631.44,0.14975,4287.56,32919,Open
INV-000138,PRJ-0053,CLT-042,2023-07-21,2023-08-20,61465.55,0.14975,9204.47,70670.02,Paid
INV-000139,PRJ-0053,CLT-042,2023-07-31,2023-08-30,31425.04,0.14975,4705.9,36130.94,Paid
INV-000140,PRJ-0053,CLT-042,2023-08-12,2023-09-11,42523.61,0.14975,6367.91,48891.52,Paid
INV-000141,PRJ-0053,CLT-042,2023-08-19,2023-09-18,45195.86,0.14975,6768.08,51963.94,Paid
INV-000142,PRJ-0054,CLT-032,2024-10-13,2024-11-27,40964.38,0.14975,6134.42,47098.8,Paid
INV-000143,PRJ-0054,CLT-032,2024-11-11,2024-12-26,33297.81,0.14975,4986.35,38284.16,
INV-000144,PRJ-0054,CLT-032,2024-12-16,2025-01-30,58829.98,0.14975,8809.79,67639.77,Partially Paid - Overdue
INV-000145,PRJ-0054,CLT-032,2025-01-20,2025-03-06,49294.92,0.14975,7381.91,56676.83,Paid
INV-000146,PRJ-0055,CLT-021,2024-09-06,2024-10-06,56530.84,0.14975,8465.49,64996.33,Partially Paid - Overdue
INV-000147,PRJ-0055,CLT-021,2024-10-27,2024-11-26,26323.83,0.14975,3941.99,30265.82,Paid
INV-000148,PRJ-0055,CLT-021,2024-12-28,2025-01-27,43875.77,0.14975,6570.4,50446.17,Paid
INV-000149,PRJ-0056,CLT-067,2025-09-22,2025-10-22,51184.11,0.12,6142.09,57326.2,Paid
INV-000150,PRJ-0056,CLT-067,2025-12-31,2026-01-30,69146.35,0.12,8297.56,77443.91,Open
INV-000151,PRJ-0057,CLT-004,2024-08-04,2024-09-03,24584.48,0.13,3195.98,27780.46,Overdue
INV-000152,PRJ-0057,CLT-004,2024-09-15,2024-10-15,34863.23,0.13,4532.22,39395.45,Paid
INV-000153,PRJ-0057,CLT-004,2024-11-04,2024-12-04,29823.78,0.13,3877.09,33700.87,Paid
INV-000154,PRJ-0058,CLT-078,2025-04-17,2025-05-17,69039.97,0.12,8284.8,77324.77,Paid
INV-000155,PRJ-0058,CLT-078,2025-07-16,2025-08-15,44617.01,0.12,5354.04,49971.05,Paid
INV-000156,PRJ-0059,CLT-069,2025-04-15,2025-05-15,20321.76,0.15,3048.26,23370.02,Paid
INV-000157,PRJ-0059,CLT-069,2025-05-11,2025-06-10,14684.28,,,,Paid
INV-000158,PRJ-0059,CLT-069,2025-06-10,2025-07-10,25271.91,0.15,3790.79,29062.7,
INV-000159,PRJ-0060,CLT-040,2024-03-30,2024-04-14,48851.97,0.05,2442.6,51294.57,
INV-000160,PRJ-0061,CLT-026,2024-05-15,2024-06-29,24699.05,0.05,1234.95,25934,Paid
INV-000161,prj-0061 ,CLT-026,2024-09-21,2024-11-05,39896.01,0.05,1994.8,41890.81,Paid
INV-000162,PRJ-0062,CLT-031,2024-03-02,2024-03-17,36764.86,0.14975,5505.54,42270.4,Paid
INV-000163,PRJ-0062,CLT-031,2024-03-29,2024-04-13,49402.71,0.14975,7398.06,56800.77,Paid
INV-000164,PRJ-0062,CLT-031,2024-04-17,2024-05-02,43302.28,0.14975,6484.52,49786.8,Paid
INV-000165,PRJ-0062,CLT-031,2024-05-09,2024-05-24,40642.71,0.14975,6086.25,46728.96,Paid
INV-000166,PRJ-0063,CLT-009,2024-09-29,2024-10-29,34916.28,0.05,1745.81,36662.09,Overdue
INV-000167,PRJ-0063,CLT-009,2024-11-03,2024-12-03,73114.94,0.05,3655.75,76770.69,Paid
INV-000168,PRJ-0063,clt-009,2024-11-15,2024-12-15,48279.7,0.05,2413.99,50693.69,Paid
INV-000169,PRJ-0063,CLT-009,2024-12-06,2025-01-05,63531.37,,,,Paid
INV-000170,PRJ-0064,CLT-024,2023-04-13,2023-06-12,40747.52,0.12,4889.7,45637.22,
INV-000171,PRJ-0065,CLT-072,2023-12-29,2024-01-28,71750.42,0.13,9327.55,81077.97,Paid
INV-000172,PRJ-0065,CLT-072,2024-02-13,2024-03-14,98359.96,0.13,12786.79,111146.75,Paid
INV-000173,PRJ-0065,CLT-072,2024-03-22,2024-04-21,68854.03,0.13,8951.02,77805.05,Paid
INV-000174,PRJ-0065,CLT-072,2024-05-03,2024-06-02,73222.03,0.13,9518.86,82740.89,Paid
INV-000175,PRJ-0066,CLT-041,2024-07-18,2024-08-17,46672.84,0.14975,6989.26,53662.1,Paid
INV-000176,PRJ-0066,CLT-041,2024-08-15,2024-09-14,58680.43,,,,Overdue
INV-000177,PRJ-0066,CLT-041,2024-09-24,2024-10-24,35557.64,0.14975,5324.76,40882.4,Paid
INV-000178,PRJ-0067,CLT-027,2023-08-19,2023-09-18,79207.34,0.13,10296.95,89504.29,Partially Paid - Overdue
INV-000179,PRJ-0067,CLT-027,2023-08-21,2023-09-20,79325.04,0.13,10312.26,89637.3,Paid
INV-000180,PRJ-0067,CLT-027,2023-09-02,2023-10-02,90811.33,0.13,11805.47,102616.8,Paid
INV-000181,PRJ-0068,CLT-087,2024-03-10,2024-04-09,59533.53,,,,Paid
INV-000182,PRJ-0068,CLT-087,2024-04-09,2024-05-09,67062.18,0.13,8718.08,75780.26,Paid
INV-000183,PRJ-0068,CLT-087,2024-05-07,2024-06-06,43018.06,0.13,5592.35,48610.41,Paid
INV-000184, PRJ-0069,CLT-029,2025-06-10,2025-07-10,49017.85,0.05,2450.89,51468.74,Paid
INV-000185,PRJ-0069,CLT-029,2025-08-11,2025-09-10,69865.59,0.05,3493.28,73358.87,Overdue
INV-000186,PRJ-0069,CLT-029,2025-09-27,2025-10-27,65918.32,,,,Paid
INV-000187,PRJ-0070,CLT-082,2024-09-28,2024-10-28,34875.25,0.13,4533.78,39409.03,Paid
INV-000188,PRJ-0070,CLT-082,2024-10-30,2024-11-29,37463.55,0.13,4870.26,42333.81,Partially Paid - Overdue
INV-000189,PRJ-0070,CLT-082,2024-12-21,2025-01-20,45361.17,0.13,5896.95,51258.12,Paid
INV-000190,PRJ-0071,CLT-072,2023-06-05,2023-07-05,113845.01,0.13,14799.85,128644.86,Paid
INV-000191,PRJ-0071,CLT-072,2023-08-19,2023-09-18,84723.14,0.13,11014.01,95737.15,Partially Paid - Overdue
INV-000192, PRJ-0071 ,CLT-072,2023-10-25,2023-11-24,76969.52,0.13,10006.04,86975.56,Overdue
INV-000193,PRJ-0072,CLT-093,2023-09-14,2023-10-14,25555.96,0.14975,3827.01,29382.97,Partially Paid - Overdue
INV-000194,PRJ-0072,CLT-093,2023-11-10,2023-12-10,34706.84,0.14975,5197.35,39904.19,Paid
INV-000195,PRJ-0072,CLT-093,2024-01-14,2024-02-13,44524.73,0.14975,6667.58,51192.31,Paid
INV-000196,PRJ-0073,CLT-052,2024-09-23,2024-11-07,96845.61,0.13,12589.93,109435.54,Paid
INV-000197,PRJ-0073,CLT-052,2024-12-31,2025-02-14,71490.05,,,,Paid
INV-000198,PRJ-0073,CLT-052,2025-03-13,2025-04-27,110817.52,0.13,14406.28,125223.8,Paid
INV-000199,PRJ-0074,CLT-087,2023-10-05,2023-11-04,37095.63,0.13,4822.43,41918.06,Paid
INV-000200,PRJ-0074,CLT-087,2024-01-03,2024-02-02,21725.29,0.13,2824.29,24549.58,Overdue
INV-000201,PRJ-0074,CLT-087,2024-03-27,2024-04-26,30972.26,0.13,4026.39,34998.65,Partially Paid - Overdue
INV-000202,PRJ-0075,CLT-051,2024-08-12,2024-09-26,85331.52,0.12,10239.78,95571.3,Paid
INV-000203,PRJ-0075,CLT-051,2024-09-09,2024-10-24,87940.46,0.12,10552.86,98493.32,paid
INV-000204,PRJ-0075,CLT-051,2024-10-07,2024-11-21,51099.33,0.12,6131.92,57231.25,Paid
INV-000205,PRJ-0075,CLT-051,2024-11-08,2024-12-23,61105.18,,,,Paid
INV-000206,PRJ-0076,CLT-027,2023-05-10,2023-06-09,35329.06,0.13,4592.78,39921.84,Paid
INV-000207,PRJ-0076,CLT-027,2023-06-16,2023-07-16,36902.46,0.13,4797.32,41699.78,Partially Paid - Overdue
INV-000208,PRJ-0076,CLT-027,2023-06-30,2023-07-30,45397.9,0.13,5901.73,51299.63,Paid
INV-000209,PRJ-0076,CLT-027,2023-08-17,2023-09-16,45291.85,0.13,5887.94,51179.79,Paid
INV-000210,PRJ-0077,CLT-026,2023-04-14,2023-05-29,48497.16,0.05,2424.86,50922.02,Paid
INV-000211,PRJ-0077,CLT-026,2023-07-07,2023-08-21,59978.45,,,,paid
INV-000212,PRJ-0077,CLT-026,2023-10-17,2023-12-01,57164.09,0.05,2858.2,60022.29,Paid
INV-000213,PRJ-0078,CLT-005,2023-08-24,2023-09-23,24596.19,0.12,2951.54,27547.73,
INV-000214,PRJ-0078,CLT-005,2023-08-26,2023-09-25,48074.54,0.12,5768.94,53843.48,Paid
INV-000215,PRJ-0078,CLT-005,2023-09-06,2023-10-06,26360.96,0.12,3163.32,29524.28,Paid
INV-000216,PRJ-0079,CLT-082,2025-01-16,2025-02-15,111901.26,0.13,14547.16,126448.42,Paid
INV-000217,PRJ-0079,CLT-082,2025-02-06,2025-03-08,107864.67,0.13,14022.41,121887.08,Paid
INV-000218,PRJ-0079,CLT-082,2025-02-23,2025-03-25,102091.49,0.13,13271.89,115363.38,Paid
INV-000219,PRJ-0080,CLT-019,2024-04-10,2024-06-09,48603.34,,,,Overdue
INV-000220,PRJ-0081,CLT-006,2025-11-12,2025-12-27,10208.63,0.12,1225.04,11433.67,Paid
INV-000221,PRJ-0082,CLT-028,2025-05-19,2025-07-03,28276.25,0.12,3393.15,31669.4,Paid
INV-000222,PRJ-0082,CLT-028,2025-07-12,2025-08-26,22485.98,0.12,2698.32,25184.3,Partially Paid - Overdue
INV-000223,PRJ-0083,CLT-085,2024-05-18,2024-06-17,65686.86,0.13,8539.29,74226.15,Paid
INV-000224,PRJ-0083,CLT-085,2024-07-24,2024-08-23,37649.56,0.13,4894.44,42544,Paid
INV-000225,PRJ-0083,CLT-085,2024-09-04,2024-10-04,67270.77,0.13,8745.2,76015.97,
INV-000226,PRJ-0084,CLT-032,2025-10-31,2025-12-15,15721.16,0.14975,2354.24,18075.4,Partially Paid - Overdue
INV-000227,PRJ-0085,CLT-053,2023-10-25,2023-11-24,76369.29,0.13,9928.01,86297.3,paid
INV-000228,PRJ-0085,CLT-053,2023-12-09,2024-01-08,112503.13,0.13,14625.41,127128.54,Overdue
INV-000229,PRJ-0085,CLT-053,2024-01-10,2024-02-09,84900.98,0.13,11037.13,95938.11,Paid
INV-000230,PRJ-0086,CLT-011,2023-07-13,2023-09-11,64224.81,0.15,9633.72,73858.53,Partially Paid - Overdue
INV-000231,PRJ-0086,CLT-011,2023-10-05,2023-12-04,51105.43,0.15,7665.81,58771.24,Overdue
INV-000232,PRJ-0087,CLT-031,2024-07-19,2024-08-03,115800.41,0.14975,17341.11,133141.52,Paid
INV-000233,PRJ-0087,CLT-031,2024-09-17,2024-10-02,111853.59,0.14975,16750.08,128603.67,Paid
INV-000234,PRJ-0087,CLT-031,2024-11-01,2024-11-16,103400.07,0.14975,15484.16,118884.23,Paid
INV-000235,PRJ-0088,CLT-016,2023-12-06,2024-01-05,93756.01,0.13,12188.28,105944.29,overdue
INV-000236,PRJ-0088, CLT-016 ,2024-02-14,2024-03-15,94631.89,0.13,12302.15,106934.04,Partially Paid - Overdue
INV-000237,PRJ-0088,CLT-016,2024-04-25,2024-05-25,65428.49,0.13,8505.7,73934.19,Paid
INV-000238,PRJ-0089,CLT-024,2025-02-02,2025-04-03,25958.58,0.12,3115.03,29073.61,
INV-000239,PRJ-0089,CLT-024,2025-04-04,2025-06-03,21902.58,0.12,2628.31,24530.89,Partially Paid - Overdue
INV-000240,PRJ-0090,CLT-029,2025-06-05,2025-07-05,66954.26,0.05,3347.71,70301.97,Paid
INV-000241,PRJ-0090,CLT-029,2025-07-08,2025-08-07,64277.31,0.05,3213.87,67491.18,Partially Paid - Overdue
INV-000242,PRJ-0090,CLT-029,2025-08-22,2025-09-21,70575.24,0.05,3528.76,74104,Paid
INV-000243,PRJ-0091,CLT-021,2023-05-30,2023-06-29,25449.57,0.14975,3811.07,29260.64,Paid
INV-000244,PRJ-0091,CLT-021,2023-07-03,2023-08-02,41302.35,0.14975,6185.03,47487.38,
INV-000245,PRJ-0091, CLT-021 ,2023-07-29,2023-08-28,21890.15,0.14975,3278.05,25168.2,Overdue
INV-000246,PRJ-0092,CLT-048,2023-07-13,2023-08-27,28101.03,0.05,1405.05,29506.08,Paid
INV-000247,PRJ-0092,CLT-048,2023-09-16,2023-10-31,34937.51,0.05,1746.88,36684.39,Partially Paid - Overdue
INV-000248,PRJ-0092,CLT-048,2023-11-21,2024-01-05,22471.64,0.05,1123.58,23595.22,Overdue
INV-000249,PRJ-0093,CLT-019,2023-04-17,2023-06-16,41551.84,0.13,5401.74,46953.58,Paid
INV-000250,PRJ-0093,CLT-019,2023-05-08,2023-07-07,41222.97,,,,Paid
INV-000251,PRJ-0093,CLT-019,2023-06-06,2023-08-05,52663.71,,,,Paid
INV-000252,PRJ-0094,CLT-092,2024-02-20,2024-03-21,35512.47,0.14975,5317.99,40830.46,Paid
INV-000253,PRJ-0094,CLT-092,2024-04-17,2024-05-17,43180.37,0.14975,6466.26,49646.63,Paid
INV-000254,PRJ-0095,CLT-017,2025-09-24,2025-10-24,70892.89,0.14975,10616.21,81509.1,Paid
INV-000255,PRJ-0095,CLT-017,2025-11-12,2025-12-12,67804.38,0.14975,10153.71,77958.09,Overdue
INV-000256,PRJ-0095,CLT-017,2025-12-17,2026-01-16,66283.56,,,,Open
INV-000257,PRJ-0096,CLT-018,2025-02-14,2025-03-16,35776.87,0.14975,5357.59,41134.46,Partially Paid - Overdue
INV-000258,PRJ-0096,CLT-018,2025-02-27,2025-03-29,32765.26,0.14975,4906.6,37671.86,Paid
INV-000259,PRJ-0096,CLT-018,2025-03-19,2025-04-18,29166.86,0.14975,4367.74,33534.6,Paid
INV-000260,PRJ-0097,CLT-025,2025-04-15,2025-05-15,35114.64,0.13,4564.9,39679.54,Partially Paid - Overdue
INV-000261,PRJ-0098,CLT-061,2023-05-22,2023-06-21,26840.14,0.14975,4019.31,30859.45,Paid
INV-000262,PRJ-0098,CLT-061,2023-08-30,2023-09-29,12385.96,0.14975,1854.8,14240.76,Partially Paid - Overdue
INV-000263,PRJ-0099,CLT-022,2025-04-25,2025-05-25,44340.52,0.05,2217.03,46557.55,Paid
INV-000264,PRJ-0099,CLT-022,2025-06-22,2025-07-22,36521.73,0.05,1826.09,38347.82,Paid
INV-000265,PRJ-0099,CLT-022,2025-08-24,2025-09-23,54464.24,0.05,2723.21,57187.45,Paid
INV-000266,PRJ-0100,CLT-039,2024-02-01,2024-03-02,49193.52,0.05,2459.68,51653.2,Partially Paid - Overdue
INV-000267,PRJ-0100,CLT-039,2024-04-11,2024-05-11,55215.11,0.05,2760.76,57975.87,Partially Paid - Overdue
INV-000268,PRJ-0100,CLT-039,2024-07-13,2024-08-12,67943.57,,,,Paid
INV-000269,PRJ-0101,CLT-058,2023-05-15,2023-06-14,45956.69,0.05,2297.83,48254.52,Paid
INV-000270,PRJ-0101,CLT-058,2023-08-02,2023-09-01,40961.94,0.05,2048.1,43010.04,Paid
INV-000271,PRJ-0101,clt-058 ,2023-10-15,2023-11-14,31927.48,0.05,1596.37,33523.85,Partially Paid - Overdue
INV-000272,PRJ-0102,CLT-048,2024-06-01,2024-07-16,70996.45,0.05,3549.82,74546.27,Paid
INV-000273,PRJ-0102,CLT-048,2024-07-17,2024-08-31,55339.98,0.05,2767,58106.98,Paid
INV-000274,PRJ-0102,CLT-048,2024-09-12,2024-10-27,32112.07,0.05,1605.6,33717.67,
INV-000275,PRJ-0103,CLT-069,2024-02-20,2024-03-21,23864.85,0.15,3579.73,27444.58,Paid
INV-000276,PRJ-0103,CLT-069,2024-06-27,2024-07-27,52446.21,0.15,7866.93,60313.14,Paid
INV-000277,PRJ-0104,clt-012,2023-11-15,2023-11-30,46957.99,0.14975,7031.96,53989.95,Paid
INV-000278,PRJ-0105,CLT-085,2025-06-04,2025-07-04,22909.61,0.13,2978.25,25887.86,Paid
INV-000279,PRJ-0105,CLT-085,2025-07-21,2025-08-20,45625.21,0.13,5931.28,51556.49,Paid
INV-000280,PRJ-0106,clt-063,2025-01-20,2025-02-04,16820.91,,,,Paid
INV-000281,PRJ-0106,CLT-063,2025-02-11,2025-02-26,12236.21,0.13,1590.71,13826.92,Overdue
INV-000282,PRJ-0107,CLT-058,2024-03-24,2024-04-23,26826.36,0.05,1341.32,28167.68,Partially Paid - Overdue
INV-000283,PRJ-0107,CLT-058,2024-04-22,2024-05-22,31453.21,0.05,1572.66,33025.87,Paid
INV-000284,PRJ-0107,CLT-058,2024-06-05,2024-07-05,18267.47,0.05,913.37,19180.84,Paid
INV-000285,PRJ-0108,CLT-011,2024-03-28,2024-05-27,55715.93,0.15,8357.39,64073.32,Paid
INV-000286,PRJ-0108,CLT-011,2024-05-20,2024-07-19,54708.63,0.15,8206.29,62914.92,Paid
INV-000287,PRJ-0108,CLT-011,2024-07-20,2024-09-18,68040.62,0.15,10206.09,78246.71,Paid
INV-000288,PRJ-0109,clt-063 ,2024-11-11,2024-11-26,56705.79,0.13,7371.75,64077.54,Overdue
INV-000289,PRJ-0109,CLT-063,2024-11-26,2024-12-11,56504.75,0.13,7345.62,63850.37,Paid
INV-000290,PRJ-0109,CLT-063,2024-12-26,2025-01-10,35451.68,0.13,4608.72,40060.4,
INV-000291,PRJ-0110,CLT-037,2024-11-05,2024-12-05,35146.45,0.05,1757.32,36903.77,Partially Paid - Overdue
INV-000292,PRJ-0110,CLT-037,2024-12-28,2025-01-27,49345.36,,,,Paid
INV-000293,PRJ-0110,CLT-037,2025-02-07,2025-03-09,40625.85,0.05,2031.29,42657.14,Paid
INV-000294,PRJ-0111,CLT-044,2025-11-18,2025-12-18,23743.47,0.13,3086.65,26830.12,Overdue
INV-000295,PRJ-0112,CLT-009,2024-06-11,2024-07-11,45665.81,0.05,2283.29,47949.1,Paid
INV-000296,PRJ-0112,CLT-009,2024-06-22,2024-07-22,70796.9,0.05,3539.84,74336.74,Paid
INV-000297,PRJ-0113,CLT-026,2024-11-15,2024-12-30,42332.63,0.05,2116.63,44449.26,Paid
INV-000298,PRJ-0114,CLT-072,2024-11-08,2024-12-08,75058.16,0.13,9757.56,84815.72,Paid
INV-000299,PRJ-0114,CLT-072,2024-11-13,2024-12-13,51568.79,,,,Paid
INV-000300,PRJ-0114,CLT-072,2024-11-23,2024-12-23,67178.2,0.13,8733.17,75911.37,Paid
INV-000301,PRJ-0114,CLT-072,2024-11-19,2024-12-19,68474.83,0.13,8901.73,77376.56,Overdue
INV-000302,PRJ-0115,CLT-043,2025-06-08,2025-07-08,31022.64,0.12,3722.72,34745.36,Paid
INV-000303,prj-0115 ,CLT-043,2025-07-27,2025-08-26,48372.13,0.12,5804.66,54176.79,Paid
INV-000304,PRJ-0115,CLT-043,2025-08-26,2025-09-25,25360.95,0.12,3043.31,28404.26,Paid
INV-000305,PRJ-0116,CLT-008,2025-10-24,2025-12-08,16878.56,0.14975,2527.56,19406.12,
INV-000306,PRJ-0117,CLT-031,2024-10-23,2024-11-07,37761.51,0.14975,5654.79,43416.3,Overdue
INV-000307,PRJ-0117,CLT-031,2024-10-28,2024-11-12,22393.92,0.14975,3353.49,25747.41,Paid
INV-000308,PRJ-0117,CLT-031,2024-11-17,2024-12-02,37257.78,0.14975,5579.35,42837.13,Partially Paid - Overdue
INV-000309,PRJ-0118,CLT-095,2024-06-30,2024-07-30,20373.47,0.13,2648.55,23022.02,paid
INV-000310,PRJ-0118,CLT-095,2024-09-15,2024-10-15,26297.73,0.13,3418.7,29716.43,
INV-000311, PRJ-0118 ,CLT-095,2024-12-08,2025-01-07,36795.46,0.13,4783.41,41578.87,Partially Paid - Overdue
INV-000312,PRJ-0119,CLT-033,2024-10-29,2024-11-28,79861.29,0.13,10381.97,90243.26,Paid
INV-000313,PRJ-0119,CLT-033,2024-11-30,2024-12-30,49070.87,0.13,6379.21,55450.08,Paid
INV-000314,PRJ-0119,CLT-033,2024-12-25,2025-01-24,48424.03,0.13,6295.12,54719.15,Paid
INV-000315,PRJ-0119,CLT-033,2025-02-05,2025-03-07,66088.44,,,,Paid
INV-000316,PRJ-0120,CLT-076,2023-09-05,2023-09-20,19416.4,0.12,2329.97,21746.37,Paid
INV-000317,PRJ-0120,CLT-076,2023-09-28,2023-10-13,19930.3,0.12,2391.64,22321.94,Paid
INV-000318,PRJ-0120,CLT-076,2023-10-26,2023-11-10,20460.07,0.12,2455.21,22915.28,Paid
INV-000319,PRJ-0121,CLT-062,2023-03-21,2023-04-05,69015.11,,,,Paid
INV-000320,PRJ-0121,CLT-062,2023-06-02,2023-06-17,65136.28,0.12,7816.35,72952.63,Paid
INV-000321,PRJ-0121,CLT-062,2023-07-22,2023-08-06,36844.26,0.12,4421.31,41265.57,
INV-000322,PRJ-0121,CLT-062,2023-09-12,2023-09-27,51250,,,,Paid
INV-000323,PRJ-0122,CLT-056,2024-03-01,2024-03-31,21890.2,0.13,2845.73,24735.93,Overdue
INV-000324,PRJ-0122,CLT-056,2024-04-06,2024-05-06,21264.36,0.13,2764.37,24028.73,Partially Paid - Overdue
INV-000325,PRJ-0123,CLT-075,2024-08-28,2024-09-27,9758.32,0.13,1268.58,11026.9,Overdue
INV-000326,PRJ-0124,CLT-032,2025-08-20,2025-10-04,28149.89,0.14975,4215.45,32365.34,Paid
INV-000327,PRJ-0124,CLT-032,2025-10-27,2025-12-11,32107.99,0.14975,4808.17,36916.16,Overdue
INV-000328,PRJ-0124,CLT-032,2025-12-12,2026-01-26,29844.91,0.14975,4469.28,34314.19,Partially Paid
INV-000329,PRJ-0125,CLT-091,2025-03-17,2025-04-16,49550.32,0.13,6441.54,55991.86,Partially Paid - Overdue
INV-000330,PRJ-0126,CLT-047,2023-05-14,2023-06-13,29429.61,0.13,3825.85,33255.46,Paid
INV-000331,PRJ-0126, CLT-047 ,2023-07-28,2023-08-27,24204.73,0.13,3146.61,27351.34,Paid
INV-000332,PRJ-0126,CLT-047,2023-10-06,2023-11-05,24694.07,0.13,3210.23,27904.3,Paid
INV-000333,PRJ-0127,CLT-047,2023-06-14,2023-07-14,40759.79,0.13,5298.77,46058.56,Paid
INV-000334,PRJ-0127,CLT-047,2023-07-25,2023-08-24,76278.86,0.13,9916.25,86195.11,Partially Paid - Overdue
INV-000335,PRJ-0127,CLT-047,2023-09-05,2023-10-05,51438.58,0.13,6687.02,58125.6,Paid
INV-000336,PRJ-0128,CLT-074,2023-09-27,2023-11-26,51328.45,0.13,6672.7,58001.15,Overdue
INV-000337,PRJ-0128,CLT-074,2023-11-06,2024-01-05,39383.16,0.13,5119.81,44502.97,
INV-000338,prj-0128,CLT-074,2023-12-19,2024-02-17,40277.81,0.13,5236.12,45513.93,Paid
INV-000339,PRJ-0129,CLT-085,2023-12-02,2024-01-01,35146.96,0.13,4569.1,39716.06,Overdue
INV-000340,PRJ-0129,CLT-085,2024-01-12,2024-02-11,18696.89,0.13,2430.6,21127.49,Paid
INV-000341,PRJ-0129,CLT-085,2024-03-04,2024-04-03,30530.84,0.13,3969.01,34499.85,Paid
INV-000342,PRJ-0130,CLT-062,2025-10-25,2025-11-09,47958.95,0.12,5755.07,53714.02,Paid
INV-000343,PRJ-0130,CLT-062,2025-12-17,2026-01-01,45446.46,0.12,5453.58,50900.04,Partially Paid
INV-000344,PRJ-0131,CLT-041,2025-09-09,2025-10-09,9225.28,0.14975,1381.49,10606.77,Partially Paid - Overdue
INV-000345,PRJ-0131,CLT-041,2025-12-23,2026-01-22,9743.3,,,,Open
INV-000346,PRJ-0132,CLT-010,2024-10-02,2024-11-01,29336.49,,,,Paid
INV-000347,PRJ-0132,CLT-010,2024-12-24,2025-01-23,32718.16,0.13,4253.36,36971.52,Paid
INV-000348,PRJ-0133,CLT-066,2025-05-12,2025-06-11,22948.75,0.13,2983.34,25932.09,Paid
INV-000349,PRJ-0133,CLT-066,2025-06-25,2025-07-25,25021.72,0.13,3252.82,28274.54,
INV-000350,prj-0133 ,CLT-066,2025-07-26,2025-08-25,38420.91,0.13,4994.72,43415.63,Partially Paid - Overdue
INV-000351,PRJ-0134,CLT-049,2024-09-06,2024-10-21,41945.31,0.14975,6281.31,48226.62,Paid
INV-000352,PRJ-0134,CLT-049,2024-10-12,2024-11-26,45024.25,0.14975,6742.38,51766.63,Paid
INV-000353,PRJ-0134,CLT-049,2024-11-11,2024-12-26,31349.31,0.14975,4694.56,36043.87,Paid
INV-000354,PRJ-0134,CLT-049,2024-12-13,2025-01-27,35941.42,0.14975,5382.23,41323.65,Paid
INV-000355,PRJ-0135,CLT-060,2024-04-02,2024-05-02,61125.83,0.05,3056.29,64182.12,Overdue
INV-000356,PRJ-0135 ,CLT-060,2024-04-20,2024-05-20,55309.12,0.05,2765.46,58074.58,Paid
INV-000357,PRJ-0135,CLT-060,2024-05-12,2024-06-11,55636.94,0.05,2781.85,58418.79,Overdue
INV-000358,PRJ-0136,CLT-052,2024-09-11,2024-10-26,24913.84,0.13,3238.8,28152.64,Paid
INV-000359,PRJ-0136,CLT-052,2024-10-28,2024-12-12,25331.25,0.13,3293.06,28624.31,Partially Paid - Overdue
INV-000360,PRJ-0137, CLT-017,2024-08-30,2024-09-29,51485.94,0.14975,7710.02,59195.96,Paid
INV-000361,PRJ-0137,CLT-017,2024-10-24,2024-11-23,71408.06,0.14975,10693.36,82101.42,Partially Paid - Overdue
INV-000362,PRJ-0137,CLT-017,2024-12-21,2025-01-20,94113.98,0.14975,14093.57,108207.55,Paid
INV-000363,PRJ-0138,CLT-030,2024-09-09,2024-09-24,19246.06,0.13,2501.99,21748.05,Paid
INV-000364,PRJ-0138,CLT-030,2024-10-30,2024-11-14,37488.89,0.13,4873.56,42362.45,Paid
INV-000365,PRJ-0138,CLT-030,2024-11-20,2024-12-05,32344.47,0.13,4204.78,36549.25,Paid
INV-000366,PRJ-0139,CLT-029,2024-02-02,2024-03-03,68404.46,0.05,3420.22,71824.68,Paid
INV-000367,PRJ-0139,CLT-029,2024-04-05,2024-05-05,62424.42,0.05,3121.22,65545.64,Paid
INV-000368,PRJ-0139,CLT-029,2024-07-05,2024-08-04,49101.37,0.05,2455.07,51556.44,Paid
INV-000369,PRJ-0140,CLT-073,2025-10-31,2025-11-30,20171.6,0.13,2622.31,22793.91,paid
INV-000370,PRJ-0140,clt-073,2025-12-03,2026-01-02,25202.26,0.13,3276.29,28478.55,Open
INV-000371,PRJ-0141,CLT-087,2025-10-27,2025-11-26,62992.92,0.13,8189.08,71182,Paid
INV-000372,PRJ-0141,CLT-087,2025-12-08,2026-01-07,71474.78,0.13,9291.72,80766.5,Partially Paid
INV-000373,PRJ-0141,CLT-087,2025-12-28,2026-01-27,65454.56,0.13,8509.09,73963.65,Open
INV-000374,PRJ-0142,CLT-011,2024-03-09,2024-05-08,17931.19,0.15,2689.68,20620.87,Paid
INV-000375,PRJ-0142,CLT-011,2024-06-02,2024-08-01,19598.45,0.15,2939.77,22538.22,Paid
INV-000376,PRJ-0142,CLT-011,2024-09-03,2024-11-02,35003.13,0.15,5250.47,40253.6,Partially Paid - Overdue
INV-000377,PRJ-0143,CLT-069,2025-09-17,2025-10-17,66549.82,,,,Paid
INV-000378,PRJ-0143,CLT-069,2025-10-04,2025-11-03,39699.19,0.15,5954.88,45654.07,Partially Paid - Overdue
INV-000379,PRJ-0143,CLT-069,2025-10-12,2025-11-11,63022.59,0.15,9453.39,72475.98,
INV-000380,PRJ-0144,CLT-069,2023-10-31,2023-11-30,60414.79,0.15,9062.22,69477.01,Paid
INV-000381,PRJ-0144,CLT-069,2023-12-09,2024-01-08,37816.66,,,,Paid
INV-000382,PRJ-0144,CLT-069,2024-01-25,2024-02-24,61910.32,0.15,9286.55,71196.87,Paid
INV-000383,PRJ-0145,CLT-005,2025-03-25,2025-04-24,25026.1,0.12,3003.13,28029.23,Partially Paid - Overdue
INV-000384,PRJ-0145,CLT-005,2025-05-07,2025-06-06,16200.84,0.12,1944.1,18144.94,
INV-000385,PRJ-0145,clt-005,2025-07-10,2025-08-09,17360.96,0.12,2083.32,19444.28,Paid
INV-000386,PRJ-0146,CLT-076,2023-02-23,2023-03-10,27345.61,,,,Overdue
INV-000387,PRJ-0147,CLT-072,2024-12-06,2025-01-05,37107.76,0.13,4824.01,41931.77,Partially Paid - Overdue
INV-000388,PRJ-0147,CLT-072,2025-02-08,2025-03-10,27573.43,,,,Paid
INV-000389,PRJ-0147,CLT-072,2025-03-24,2025-04-23,34797.94,0.13,4523.73,39321.67,Paid
INV-000390,PRJ-0148,CLT-082,2023-06-26,2023-07-26,98342.12,0.13,12784.48,111126.6,Paid
INV-000391,PRJ-0148,CLT-082,2023-09-10,2023-10-10,110773.18,0.13,14400.51,125173.69,
INV-000392,PRJ-0148,CLT-082,2023-11-08,2023-12-08,108244.95,0.13,14071.84,122316.79,Paid
INV-000393, PRJ-0148,CLT-082,2024-01-15,2024-02-14,80327.27,0.13,10442.55,90769.82,Paid
INV-000394,PRJ-0149,CLT-063,2025-06-12,2025-06-27,65592.8,0.13,8527.06,74119.86,Paid
INV-000395,PRJ-0149,CLT-063,2025-07-05,2025-07-20,37152.63,,,,
INV-000396,PRJ-0149,CLT-063,2025-08-09,2025-08-24,33424.63,0.13,4345.2,37769.83,Paid
INV-000397,PRJ-0150,CLT-037,2024-05-02,2024-06-01,98555.39,0.05,4927.77,103483.16,Paid
INV-000398,PRJ-0150,CLT-037,2024-07-07,2024-08-06,87183.22,0.05,4359.16,91542.38,Paid
INV-000399,PRJ-0150,CLT-037,2024-09-06,2024-10-06,61901.97,0.05,3095.1,64997.07,Paid
INV-000400,PRJ-0151,CLT-062,2025-06-17,2025-07-02,30002.91,0.12,3600.35,33603.26,paid
INV-000401,PRJ-0151,CLT-062,2025-08-22,2025-09-06,42818.16,0.12,5138.18,47956.34,Paid
INV-000402,PRJ-0151,CLT-062,2025-11-08,2025-11-23,39803.04,0.12,4776.36,44579.4,Paid
INV-000403,PRJ-0152,CLT-044,2023-07-16,2023-08-15,25358.86,0.13,3296.65,28655.51,Paid
INV-000404,PRJ-0152 ,CLT-044,2023-08-25,2023-09-24,25812.31,0.13,3355.6,29167.91,Paid
INV-000405,PRJ-0152,CLT-044,2023-09-19,2023-10-19,22541.35,0.13,2930.38,25471.73,Paid
INV-000406,PRJ-0153,CLT-078,2023-08-06,2023-09-05,26544.19,0.12,3185.3,29729.49,Overdue
INV-000407,PRJ-0153,CLT-078,2023-10-11,2023-11-10,35166.53,0.12,4219.98,39386.51,Partially Paid - Overdue
INV-000408,PRJ-0154,CLT-085,2023-04-17,2023-05-17,24491.36,0.13,3183.88,27675.24,Paid
INV-000409,PRJ-0155,CLT-060,2023-08-08,2023-09-07,76924.32,,,,Paid
INV-000410,PRJ-0155,CLT-060,2023-10-02,2023-11-01,78258.07,0.05,3912.9,82170.97,Paid
INV-000411,PRJ-0155,CLT-060,2023-11-29,2023-12-29,36146.95,0.05,1807.35,37954.3,Paid
INV-000412,PRJ-0156,CLT-037,2023-06-01,2023-07-01,82267.87,0.05,4113.39,86381.26,Overdue
INV-000413,PRJ-0156,CLT-037,2023-07-17,2023-08-16,64616.22,0.05,3230.81,67847.03,Partially Paid - Overdue
INV-000414,prj-0156,CLT-037,2023-08-19,2023-09-18,129106.98,0.05,6455.35,135562.33,Paid
INV-000415,PRJ-0157,CLT-019,2025-11-26,2026-01-25,41025.22,0.13,5333.28,46358.5,Open
INV-000416,PRJ-0158,CLT-015,2023-11-30,2023-12-30,39543.06,0.12,4745.17,44288.23,Overdue
INV-000417,PRJ-0159,CLT-017,2023-02-15,2023-03-17,41833.24,0.14975,6264.53,48097.77,Paid
INV-000418,PRJ-0159,CLT-017,2023-04-16,2023-05-16,68447.32,0.14975,10249.99,78697.31,Paid
INV-000419,PRJ-0159,CLT-017,2023-06-09,2023-07-09,61545.81,0.14975,9216.49,70762.3,Overdue
INV-000420,PRJ-0159,CLT-017,2023-07-28,2023-08-27,46131.38,0.14975,6908.17,53039.55,Paid
INV-000421,PRJ-0160,CLT-084,2025-06-03,2025-07-03,21225.44,0.13,2759.31,23984.75,
INV-000422,PRJ-0160,CLT-084,2025-07-12,2025-08-11,25406.34,0.13,3302.82,28709.16,Overdue
INV-000423,PRJ-0160,CLT-084,2025-08-09,2025-09-08,24218,0.13,3148.34,27366.34,Paid
INV-000424,PRJ-0161,CLT-053,2024-03-11,2024-04-10,54020.02,0.13,7022.6,61042.62,Paid
INV-000425,PRJ-0161,CLT-053,2024-07-05,2024-08-04,79215.82,0.13,10298.06,89513.88,
INV-000426,PRJ-0162,CLT-007,2023-11-21,2024-01-05,29053.34,0.15,4358,33411.34,Paid
INV-000427,PRJ-0163,CLT-005,2025-07-29,2025-08-28,169835.24,0.12,20380.23,190215.47,Overdue
INV-000428,PRJ-0163 ,CLT-005,2025-09-25,2025-10-25,160451.23,0.12,19254.15,179705.38,Paid
INV-000429,PRJ-0163,CLT-005,2025-11-18,2025-12-18,88625.96,0.12,10635.12,99261.08,Overdue
INV-000430,PRJ-0164,CLT-087,2024-08-07,2024-09-06,24976.08,0.13,3246.89,28222.97,Paid
INV-000431,PRJ-0164,CLT-087,2024-12-01,2024-12-31,20245.37,0.13,2631.9,22877.27,Overdue
INV-000432,PRJ-0165,CLT-059,2023-08-03,2023-09-17,96256.48,0.13,12513.34,108769.82,Paid
INV-000433,prj-0165 ,CLT-059,2023-09-06,2023-10-21,87045.3,0.13,11315.89,98361.19,paid
INV-000434,PRJ-0165,CLT-059,2023-10-11,2023-11-25,82386.94,0.13,10710.3,93097.24,Paid
INV-000435,PRJ-0166,CLT-018,2025-10-14,2025-11-13,11955.9,0.14975,1790.4,13746.3,Overdue
INV-000436,PRJ-0166, CLT-018 ,2025-12-24,2026-01-23,17151.77,0.14975,2568.48,19720.25,Partially Paid
INV-000437,PRJ-0167,CLT-055,2025-09-26,2025-10-26,24074.01,0.14975,3605.08,27679.09,Overdue
INV-000438,PRJ-0167,CLT-055,2025-11-06,2025-12-06,36170.26,0.14975,5416.5,41586.76,Paid
INV-000439,PRJ-0167,CLT-055,2025-12-22,2026-01-21,24050.43,0.14975,3601.55,27651.98,Open
INV-000440,PRJ-0168,CLT-074,2023-06-28,2023-08-27,63141.2,0.13,8208.36,71349.56,Partially Paid - Overdue
INV-000441,PRJ-0168,CLT-074,2023-09-04,2023-11-03,30442.96,0.13,3957.58,34400.54,Paid
INV-000442,PRJ-0169,CLT-007,2023-06-14,2023-07-29,48781.14,0.15,7317.17,56098.31,Paid
INV-000443,PRJ-0170,CLT-002,2023-12-12,2024-01-26,51205.2,0.14975,7667.98,58873.18,Paid
INV-000444,PRJ-0170,CLT-002,2024-01-08,2024-02-22,66834.62,0.14975,10008.48,76843.1,Paid
INV-000445,PRJ-0170,CLT-002,2024-02-04,2024-03-20,43969.05,0.14975,6584.37,50553.42,Paid
INV-000446,PRJ-0171,CLT-042,2025-03-21,2025-04-20,48319.93,0.14975,7235.91,55555.84,Paid
INV-000447,PRJ-0171,CLT-042,2025-05-23,2025-06-22,40401.49,0.14975,6050.12,46451.61,Paid
INV-000448,PRJ-0171,CLT-042,2025-07-07,2025-08-06,52466.63,0.14975,7856.88,60323.51,Paid
INV-000449,PRJ-0172,CLT-015,2024-02-20,2024-03-21,62203.92,0.12,7464.47,69668.39,Paid
INV-000450,PRJ-0172,CLT-015,2024-04-29,2024-05-29,57435.26,0.12,6892.23,64327.49,overdue
INV-000451,PRJ-0172,CLT-015,2024-07-19,2024-08-18,70359.48,,,,Paid
INV-000452,prj-0173,CLT-053,2023-05-10,2023-06-09,53769.1,0.13,6989.98,60759.08,
INV-000453,PRJ-0173,CLT-053,2023-05-18,2023-06-17,96051.91,0.13,12486.75,108538.66,Paid
INV-000454,PRJ-0173,CLT-053,2023-05-27,2023-06-26,103024.56,0.13,13393.19,116417.75,Paid
INV-000455,PRJ-0173,CLT-053,2023-05-29,2023-06-28,65446.83,0.13,8508.09,73954.92,Paid
INV-000456,PRJ-0174,CLT-024,2025-03-13,2025-05-12,8922.67,0.12,1070.72,9993.39,overdue
INV-000457,PRJ-0174,CLT-024,2025-04-17,2025-06-16,7253.15,0.12,870.38,8123.53,Paid
INV-000458,PRJ-0175,CLT-050,2023-02-18,2023-03-20,72835.04,0.14975,10907.05,83742.09,Paid
INV-000459,PRJ-0175,CLT-050,2023-03-20,2023-04-19,68055.41,0.14975,10191.3,78246.71,Partially Paid - Overdue
INV-000460,PRJ-0175,CLT-050,2023-05-01,2023-05-31,46617.14,0.14975,6980.92,53598.06,Paid
INV-000461,PRJ-0176,CLT-005,2023-08-04,2023-09-03,101565.03,0.12,12187.8,113752.83,Paid
INV-000462,PRJ-0176,CLT-005,2023-10-02,2023-11-01,71416.12,0.12,8569.93,79986.05,
INV-000463,PRJ-0176,CLT-005,2023-11-26,2023-12-26,73772.28,0.12,8852.67,82624.95,paid
INV-000464,PRJ-0176,CLT-005,2024-01-20,2024-02-19,50617.73,0.12,6074.13,56691.86,Paid
INV-000465,PRJ-0177,CLT-077,2024-09-15,2024-10-30,44148.23,0.13,5739.27,49887.5,Paid
INV-000466,PRJ-0177,CLT-077,2024-10-05,2024-11-19,79994.61,0.13,10399.3,90393.91,Paid
INV-000467,PRJ-0177,CLT-077,2024-11-05,2024-12-20,96084.5,0.13,12490.99,108575.49,Overdue
INV-000468,PRJ-0178,CLT-060,2025-12-22,2026-01-21,28859.49,0.05,1442.97,30302.46,Open
INV-000469,PRJ-0179,CLT-011,2025-11-01,2025-12-31,48015.39,0.15,7202.31,55217.7,Open
INV-000470,PRJ-0179,CLT-011,2025-11-28,2026-01-27,83250.7,0.15,12487.6,95738.3,Partially Paid
INV-000471,PRJ-0179,CLT-011,2025-12-30,2026-02-28,41238.87,0.15,6185.83,47424.7,Open
INV-000472,PRJ-0180,CLT-010,2023-11-19,2023-12-19,41227.16,0.13,5359.53,46586.69,Partially Paid - Overdue
INV-000473,PRJ-0180,CLT-010,2023-12-27,2024-01-26,57334.07,0.13,7453.43,64787.5,Paid
INV-000474,PRJ-0180,CLT-010,2024-03-03,2024-04-02,89588.79,0.13,11646.54,101235.33,Paid
INV-000475,PRJ-0180,CLT-010,2024-04-15,2024-05-15,55394.17,0.13,7201.24,62595.41,Paid
INV-000476,PRJ-0181,CLT-036,2023-12-23,2024-01-22,38222.12,0.14975,5723.76,43945.88,Paid
INV-000477,PRJ-0181,CLT-036,2024-01-02,2024-02-01,52855.92,0.14975,7915.17,60771.09,Paid
INV-000478,PRJ-0181,CLT-036,2024-01-28,2024-02-27,73737.05,0.14975,11042.12,84779.17,Partially Paid - Overdue
INV-000479,PRJ-0182,CLT-009,2024-08-06,2024-09-05,49606.74,0.05,2480.34,52087.08,paid
INV-000480,PRJ-0182,CLT-009,2024-09-21,2024-10-21,47809.22,0.05,2390.46,50199.68,Paid
INV-000481,PRJ-0182,CLT-009,2024-10-13,2024-11-12,84058.31,0.05,4202.92,88261.23,Partially Paid - Overdue
INV-000482,PRJ-0183,CLT-005,2024-05-27,2024-06-26,55365.05,0.12,6643.81,62008.86,
INV-000483,PRJ-0183,CLT-005,2024-07-01,2024-07-31,81167.98,0.12,9740.16,90908.14,Paid
INV-000484,PRJ-0183, CLT-005 ,2024-08-03,2024-09-02,57199.87,0.12,6863.98,64063.85,Paid
INV-000485,PRJ-0183,CLT-005,2024-09-25,2024-10-25,96492.33,0.12,11579.08,108071.41,Paid
INV-000486,PRJ-0184,CLT-056,2023-12-29,2024-01-28,45368.67,0.13,5897.93,51266.6,Partially Paid - Overdue
INV-000487,PRJ-0184,CLT-056,2024-03-21,2024-04-20,51181.01,0.13,6653.53,57834.54,
INV-000488,PRJ-0184,CLT-056,2024-05-18,2024-06-17,42843.2,0.13,5569.62,48412.82,Paid
INV-000489,PRJ-0184,CLT-056,2024-08-07,2024-09-06,58090.8,0.13,7551.8,65642.6,Paid
INV-000490,PRJ-0185,CLT-080,2024-03-02,2024-03-17,20666.76,0.12,2480.01,23146.77,paid
INV-000491,PRJ-0186,CLT-020,2025-06-21,2025-07-21,34203.46,0.13,4446.45,38649.91,Paid
INV-000492,PRJ-0186,CLT-020,2025-08-09,2025-09-08,53577.11,,,,Paid
INV-000493,PRJ-0186,CLT-020,2025-09-10,2025-10-10,56212.49,0.13,7307.62,63520.11,Partially Paid - Overdue
INV-000494,PRJ-0186,CLT-020,2025-10-22,2025-11-21,49130.51,0.13,6386.97,55517.48,Paid
INV-000495,PRJ-0187,CLT-035,2025-02-19,2025-03-21,48215.05,0.13,6267.96,54483.01,Partially Paid - Overdue
INV-000496,PRJ-0188,CLT-040,2024-03-05,2024-03-20,31601.35,0.05,1580.07,33181.42,Paid
INV-000497,PRJ-0188,CLT-040,2024-04-26,2024-05-11,44530.6,0.05,2226.53,46757.13,Paid
INV-000498,prj-0188 ,CLT-040,2024-06-13,2024-06-28,32496.88,0.05,1624.84,34121.72,Paid
INV-000499,PRJ-0189,CLT-073,2023-03-19,2023-04-18,59595.55,0.13,7747.42,67342.97,Overdue
INV-000500,PRJ-0189,CLT-073,2023-04-30,2023-05-30,48959.85,0.13,6364.78,55324.63,Paid
INV-000501,PRJ-0189, CLT-073,2023-06-25,2023-07-25,62958.59,0.13,8184.62,71143.21,
INV-000502,PRJ-0190,CLT-086,2024-09-21,2024-10-21,45143.14,0.13,5868.61,51011.75,Paid
INV-000503,PRJ-0190,CLT-086,2024-11-21,2024-12-21,61580.95,0.13,8005.52,69586.47,Paid
INV-000504,PRJ-0190,CLT-086,2025-01-06,2025-02-05,52569.41,0.13,6834.02,59403.43,Paid
INV-000505,PRJ-0191,CLT-001,2025-09-05,2025-10-20,17269.35,0.13,2245.02,19514.37,Paid
INV-000506,PRJ-0192,CLT-042,2024-01-04,2024-02-03,76892.79,0.14975,11514.7,88407.49,Partially Paid - Overdue
INV-000507,PRJ-0192,CLT-042,2024-01-18,2024-02-17,71680.13,0.14975,10734.1,82414.23,Paid
INV-000508,PRJ-0192,CLT-042,2024-02-05,2024-03-06,41307.36,0.14975,6185.78,47493.14,Overdue
INV-000509,PRJ-0193,CLT-032,2023-09-28,2023-11-12,65130.73,0.14975,9753.33,74884.06,Paid
INV-000510, PRJ-0193,CLT-032,2023-11-06,2023-12-21,39141.03,0.14975,5861.37,45002.4,Paid
INV-000511,PRJ-0193,CLT-032,2023-12-08,2024-01-22,49029.89,0.14975,7342.23,56372.12,Partially Paid - Overdue
INV-000512,PRJ-0193 ,CLT-032,2023-12-27,2024-02-10,63343.87,0.14975,9485.74,72829.61,Paid
INV-000513,PRJ-0194,CLT-030,2025-09-08,2025-09-23,37728.42,0.13,4904.69,42633.11,Paid
INV-000514,PRJ-0195,CLT-015,2025-02-15,2025-03-17,74149.83,0.12,8897.98,83047.81,Partially Paid - Overdue
INV-000515,PRJ-0195,CLT-015,2025-05-02,2025-06-01,61993.54,0.12,7439.22,69432.76,Paid
INV-000516,PRJ-0196,CLT-031,2024-04-16,2024-05-01,40188.5,0.14975,6018.23,46206.73,Partially Paid - Overdue
INV-000517,PRJ-0196,CLT-031,2024-05-25,2024-06-09,37570.17,,,,Paid
INV-000518,PRJ-0196,CLT-031,2024-06-20,2024-07-05,39984.82,,,,
INV-000519,PRJ-0197,CLT-050,2025-07-09,2025-08-08,39467.63,0.14975,5910.28,45377.91,Paid
INV-000520,PRJ-0197,CLT-050 ,2025-07-24,2025-08-23,33707.85,0.14975,5047.75,38755.6,Paid
INV-000521,PRJ-0197,CLT-050,2025-08-12,2025-09-11,38424.9,0.14975,5754.13,44179.03,Paid
INV-000522,PRJ-0198,CLT-088,2025-06-16,2025-07-31,138708.07,0.12,16644.97,155353.04,Partially Paid - Overdue
INV-000523,PRJ-0198,CLT-088,2025-09-15,2025-10-30,144196.74,0.12,17303.61,161500.35,Partially Paid - Overdue
INV-000524,PRJ-0198,CLT-088,2025-12-01,2026-01-15,117146.51,0.12,14057.58,131204.09,Partially Paid
INV-000525,PRJ-0199,CLT-092,2024-04-20,2024-05-20,30652.36,0.14975,4590.19,35242.55,Paid
INV-000526,PRJ-0199,CLT-092,2024-06-12,2024-07-12,64443.15,0.14975,9650.36,74093.51,Overdue
INV-000527,PRJ-0199,CLT-092,2024-07-10,2024-08-09,61229.2,0.14975,9169.07,70398.27,Partially Paid - Overdue
INV-000528,PRJ-0200,CLT-020,2023-03-07,2023-04-06,35933.13,0.13,4671.31,40604.44,Paid
INV-000529,PRJ-0200,CLT-020,2023-04-13,2023-05-13,70126.99,0.13,9116.51,79243.5,Paid
INV-000530,PRJ-0200,CLT-020,2023-06-13,2023-07-13,52541.99,0.13,6830.46,59372.45,overdue
INV-000531,PRJ-0201,CLT-086,2024-07-24,2024-08-23,28392.7,0.13,3691.05,32083.75,Paid
INV-000532,PRJ-0201,CLT-086,2024-10-22,2024-11-21,48873.38,0.13,6353.54,55226.92,Paid
INV-000533,PRJ-0201,CLT-086,2025-01-12,2025-02-11,47138.6,,,,Paid
INV-000534,PRJ-0202,CLT-041,2023-06-28,2023-07-28,47834.27,0.14975,7163.18,54997.45,Partially Paid - Overdue
INV-000535,PRJ-0202,CLT-041,2023-07-14,2023-08-13,61633.71,0.14975,9229.65,70863.36,Paid
INV-000536,PRJ-0202,CLT-041,2023-08-07,2023-09-06,44581.11,0.14975,6676.02,51257.13,Partially Paid - Overdue
INV-000537,PRJ-0203,CLT-070,2024-03-06,2024-04-05,43368.73,0.15,6505.31,49874.04,Paid
INV-000538,PRJ-0203,CLT-070,2024-04-10,2024-05-10,75744.73,0.15,11361.71,87106.44,Paid
INV-000539,PRJ-0203, CLT-070,2024-05-17,2024-06-16,39083.65,0.15,5862.55,44946.2,Paid
INV-000540,PRJ-0203,CLT-070,2024-06-19,2024-07-19,68189.08,0.15,10228.36,78417.44,Paid
INV-000541,PRJ-0204,CLT-037,2025-01-26,2025-02-25,59848,,,,Partially Paid - Overdue
INV-000542,PRJ-0204,CLT-037,2025-03-13,2025-04-12,68513.44,0.05,3425.67,71939.11,Paid
INV-000543,PRJ-0204,CLT-037,2025-05-02,2025-06-01,48206.21,0.05,2410.31,50616.52,Partially Paid - Overdue
INV-000544,PRJ-0204,CLT-037,2025-06-28,2025-07-28,57026.4,,,,Paid
INV-000545,PRJ-0205,CLT-044,2024-07-06,2024-08-05,20741.62,0.13,2696.41,23438.03,Overdue
INV-000546,PRJ-0206,CLT-042,2024-09-13,2024-10-13,52394.56,0.14975,7846.09,60240.65,
INV-000547,prj-0206 ,CLT-042,2024-10-21,2024-11-20,44330.15,0.14975,6638.44,50968.59,Paid
INV-000548,PRJ-0206,CLT-042,2024-11-12,2024-12-12,65957.44,0.14975,9877.13,75834.57,Paid
INV-000549,PRJ-0207,CLT-088,2025-11-07,2025-12-22,22403.71,0.12,2688.45,25092.16,overdue
INV-000550,PRJ-0207,CLT-088,2025-12-06,2026-01-20,23599.49,0.12,2831.94,26431.43,Open
INV-000551,PRJ-0207,CLT-088,2025-12-30,2026-02-13,39430.65,0.12,4731.68,44162.33,Open
INV-000552,PRJ-0208,CLT-018,2025-04-13,2025-05-13,47359.48,0.14975,7092.08,54451.56,Paid
INV-000553,PRJ-0208,CLT-018,2025-06-16,2025-07-16,27872.13,,,,Paid
INV-000554,PRJ-0209,CLT-060,2024-07-21,2024-08-20,90689.11,,,,Paid
INV-000555,PRJ-0209,CLT-060,2024-08-09,2024-09-08,127362.45,0.05,6368.12,133730.57,Paid
INV-000556,PRJ-0209,CLT-060,2024-09-06,2024-10-06,117081.81,0.05,5854.09,122935.9,Paid
INV-000557,PRJ-0210,CLT-009,2023-06-24,2023-07-24,54261.33,0.05,2713.07,56974.4,Paid
INV-000558,PRJ-0210,CLT-009,2023-09-16,2023-10-16,52819.99,,,,Paid
INV-000559,PRJ-0211,CLT-005,2025-03-03,2025-04-02,35215.78,0.12,4225.89,39441.67,Paid
INV-000560,PRJ-0211,CLT-005,2025-03-18,2025-04-17,60316.86,0.12,7238.02,67554.88,
INV-000561,PRJ-0211,CLT-005,2025-04-23,2025-05-23,61253.14,0.12,7350.38,68603.52,Paid
INV-000562,PRJ-0211,CLT-005,2025-06-04,2025-07-04,64955.71,0.12,7794.69,72750.4,
INV-000563,PRJ-0212,CLT-030,2025-11-10,2025-11-25,22368.76,0.13,2907.94,25276.7,Paid
INV-000564,PRJ-0212,CLT-030,2025-12-26,2026-01-10,20413.64,0.13,2653.77,23067.41,Open
INV-000565,PRJ-0213,CLT-051,2025-05-18,2025-07-02,19816.73,0.12,2378.01,22194.74,Overdue
INV-000566,PRJ-0213,CLT-051,2025-06-05,2025-07-20,19862.26,,,,Partially Paid - Overdue
INV-000567,PRJ-0213,CLT-051,2025-07-01,2025-08-15,24024.93,0.12,2882.99,26907.92,Paid
INV-000568,PRJ-0214,CLT-032,2023-12-26,2024-02-09,24484.36,,,,Paid
INV-000569,PRJ-0214,CLT-032,2024-02-16,2024-04-01,16510.96,0.14975,2472.52,18983.48,Paid
INV-000570,PRJ-0214,CLT-032,2024-03-26,2024-05-10,28430.01,0.14975,4257.39,32687.4,paid
INV-000571,PRJ-0215,CLT-023,2023-08-16,2023-09-30,44406.55,0.13,5772.85,50179.4,Paid
INV-000572,PRJ-0215,CLT-023,2023-10-22,2023-12-06,53673.47,0.13,6977.55,60651.02,Paid
INV-000573,PRJ-0215,CLT-023,2024-01-31,2024-03-16,41662.25,0.13,5416.09,47078.34,Paid
INV-000574,PRJ-0216,CLT-034,2023-07-11,2023-08-10,83670.3,0.14975,12529.63,96199.93,Paid
INV-000575,PRJ-0216,CLT-034,2023-08-02,2023-09-01,51124.24,0.14975,7655.85,58780.09,Paid
INV-000576,PRJ-0216,CLT-034,2023-08-31,2023-09-30,61268.63,0.14975,9174.98,70443.61,Paid
INV-000577,PRJ-0217,CLT-021,2025-04-29,2025-05-29,26555.39,0.14975,3976.67,30532.06,Overdue
INV-000578,PRJ-0218,CLT-047,2024-07-01,2024-07-31,52399.68,0.13,6811.96,59211.64,Paid
INV-000579,PRJ-0218,CLT-047,2024-09-05,2024-10-05,71367.27,0.13,9277.75,80645.02,Paid
INV-000580,PRJ-0219,CLT-050,2025-12-18,2026-01-17,34608.95,0.14975,5182.69,39791.64,Partially Paid
INV-000581,PRJ-0220,CLT-037,2023-10-11,2023-11-10,76313.99,0.05,3815.7,80129.69,Paid
INV-000582,PRJ-0220,CLT-037,2023-11-15,2023-12-15,42421.89,0.05,2121.09,44542.98,Partially Paid - Overdue
INV-000583,PRJ-0220,CLT-037,2023-12-29,2024-01-28,41150.26,0.05,2057.51,43207.77,Paid
INV-000584,PRJ-0220,CLT-037,2024-02-22,2024-03-23,79365,0.05,3968.25,83333.25,Paid
INV-000585,PRJ-0221,CLT-067,2023-07-25,2023-08-24,83387.08,0.12,10006.45,93393.53,Paid
INV-000586,PRJ-0221,CLT-067,2023-08-23,2023-09-22,102997.25,0.12,12359.67,115356.92,
INV-000587,PRJ-0221,CLT-067,2023-10-23,2023-11-22,102125.48,0.12,12255.06,114380.54,Partially Paid - Overdue
INV-000588,PRJ-0222,CLT-009,2025-06-27,2025-07-27,42837.62,0.05,2141.88,44979.5,Paid
INV-000589,PRJ-0222,CLT-009,2025-07-30,2025-08-29,66895,0.05,3344.75,70239.75,Paid
INV-000590,PRJ-0222,CLT-009,2025-09-12,2025-10-12,71943.55,0.05,3597.18,75540.73,Paid
INV-000591,PRJ-0222, CLT-009,2025-11-01,2025-12-01,84536.52,0.05,4226.83,88763.35,Paid
INV-000592,PRJ-0223,CLT-042,2025-01-18,2025-02-17,87930.15,0.14975,13167.54,101097.69,Partially Paid - Overdue
INV-000593,PRJ-0223,CLT-042,2025-02-26,2025-03-28,66417.98,0.14975,9946.09,76364.07,Paid
INV-000594,PRJ-0223,CLT-042,2025-03-31,2025-04-30,49233.09,0.14975,7372.66,56605.75,Paid
INV-000595,PRJ-0223,CLT-042,2025-04-24,2025-05-24,56477.81,0.14975,8457.55,64935.36,Paid
INV-000596,PRJ-0224,CLT-008,2025-11-19,2026-01-03,34633.44,0.14975,5186.36,39819.8,
INV-000597,PRJ-0225,CLT-062,2023-11-05,2023-11-20,64682.17,0.12,7761.86,72444.03,Partially Paid - Overdue
INV-000598,PRJ-0225,CLT-062,2023-11-29,2023-12-14,76190.85,0.12,9142.9,85333.75,Paid
INV-000599,PRJ-0225,CLT-062,2024-01-14,2024-01-29,71047.5,,,,Paid
INV-000600,PRJ-0226,CLT-047,2023-06-23,2023-07-23,15960.88,0.13,2074.91,18035.79,
INV-000601,PRJ-0226,CLT-047,2023-08-12,2023-09-11,15933.91,0.13,2071.41,18005.32,Paid
INV-000602,PRJ-0227,CLT-025,2025-06-30,2025-07-30,101559.84,0.13,13202.78,114762.62,Paid
INV-000603,PRJ-0227,CLT-025,2025-08-24,2025-09-23,85625.82,0.13,11131.36,96757.18,Paid
INV-000604,PRJ-0227,CLT-025,2025-10-12,2025-11-11,69293.72,0.13,9008.18,78301.9,Paid
INV-000605,PRJ-0228,CLT-068,2024-08-24,2024-10-08,49527.72,0.13,6438.6,55966.32,Overdue
INV-000606,PRJ-0229,CLT-070,2023-04-26,2023-05-26,70833.46,0.15,10625.02,81458.48,Partially Paid - Overdue
INV-000607,prj-0229,CLT-070,2023-06-02,2023-07-02,41126.87,,,,Paid
INV-000608,PRJ-0229,CLT-070,2023-07-31,2023-08-30,46729.55,0.15,7009.43,53738.98,Paid
INV-000609,PRJ-0230,CLT-017,2023-03-20,2023-04-19,89982.14,0.14975,13474.83,103456.97,Paid
INV-000610,PRJ-0230,CLT-017,2023-05-27,2023-06-26,98007.08,0.14975,14676.56,112683.64,Paid
INV-000611,PRJ-0230,CLT-017,2023-07-06,2023-08-05,65624.36,0.14975,9827.25,75451.61,Paid
INV-000612,PRJ-0231,CLT-027,2024-08-14,2024-09-13,62327.97,0.13,8102.64,70430.61,
INV-000613,PRJ-0231,CLT-027,2024-10-26,2024-11-25,49709.01,0.13,6462.17,56171.18,Paid
INV-000614,PRJ-0231,CLT-027,2024-12-25,2025-01-24,70115.08,0.13,9114.96,79230.04,Partially Paid - Overdue
INV-000615,PRJ-0231,CLT-027,2025-02-06,2025-03-08,66690.23,0.13,8669.73,75359.96,Partially Paid - Overdue
INV-000616,PRJ-0232,CLT-037,2025-01-20,2025-02-19,61453.91,0.05,3072.7,64526.61,Paid
INV-000617,PRJ-0232,CLT-037,2025-02-04,2025-03-06,68254.91,0.05,3412.75,71667.66,Paid
INV-000618,PRJ-0232,CLT-037,2025-02-21,2025-03-23,54238.95,0.05,2711.95,56950.9,Paid
INV-000619,PRJ-0232,CLT-037,2025-03-08,2025-04-07,45027.25,0.05,2251.36,47278.61,Paid
INV-000620,PRJ-0233,CLT-037,2025-07-15,2025-08-14,52195.38,,,,Overdue
INV-000621,PRJ-0233,CLT-037,2025-08-06,2025-09-05,36768.09,0.05,1838.4,38606.49,Paid
INV-000622,PRJ-0234 ,CLT-076,2024-06-26,2024-07-11,25527.46,0.12,3063.3,28590.76,
INV-000623,PRJ-0234,CLT-076,2024-08-05,2024-08-20,15397.83,0.12,1847.74,17245.57,Paid
INV-000624,PRJ-0234,CLT-076,2024-08-27,2024-09-11,15454.85,,,,Partially Paid - Overdue
INV-000625,PRJ-0235,CLT-005,2025-05-02,2025-06-01,135275.04,0.12,16233,151508.04,Overdue
INV-000626,PRJ-0235,CLT-005,2025-05-22,2025-06-21,126536.24,0.12,15184.35,141720.59,
INV-000627,PRJ-0235,CLT-005,2025-07-01,2025-07-31,133476.19,0.12,16017.14,149493.33,Paid
INV-000628,PRJ-0236,CLT-072,2023-12-11,2024-01-10,47044.55,,,,Paid
INV-000629,PRJ-0236,CLT-072,2024-01-29,2024-02-28,53764.97,,,,Paid
INV-000630, PRJ-0236,CLT-072,2024-04-03,2024-05-03,75355.45,0.13,9796.21,85151.66,Paid
INV-000631,PRJ-0236,CLT-072,2024-05-31,2024-06-30,53699.23,0.13,6980.9,60680.13,Paid
INV-000632,PRJ-0237,CLT-095,2023-08-31,2023-09-30,88047.16,0.13,11446.13,99493.29,Paid
INV-000633,PRJ-0237,CLT-095,2023-10-12,2023-11-11,45962.07,0.13,5975.07,51937.14,Partially Paid - Overdue
INV-000634,PRJ-0237,CLT-095,2023-11-10,2023-12-10,62687.4,0.13,8149.36,70836.76,Paid
INV-000635,PRJ-0238,CLT-090,2025-02-05,2025-02-20,27766.69,0.14975,4158.06,31924.75,paid
INV-000636,PRJ-0238,CLT-090,2025-03-08,2025-03-23,50158.14,0.14975,7511.18,57669.32,Overdue
INV-000637,PRJ-0238,CLT-090,2025-03-28,2025-04-12,47069.7,0.14975,7048.69,54118.39,Paid
INV-000638,PRJ-0238,CLT-090,2025-03-29,2025-04-13,27653.45,0.14975,4141.1,31794.55,Paid
INV-000639,PRJ-0239,CLT-025,2023-06-24,2023-07-24,13866.06,0.13,1802.59,15668.65,Paid
INV-000640,PRJ-0239,CLT-025,2023-07-27,2023-08-26,23874.01,0.13,3103.62,26977.63,Partially Paid - Overdue
INV-000641,PRJ-0239,CLT-025,2023-08-27,2023-09-26,19928.05,0.13,2590.65,22518.7,Paid
INV-000642,PRJ-0240,CLT-088,2024-06-18,2024-08-02,157616.42,0.12,18913.97,176530.39,Paid
INV-000643,PRJ-0240,CLT-088,2024-08-17,2024-10-01,86004.23,0.12,10320.51,96324.74,Paid
INV-000644,PRJ-0240,CLT-088,2024-10-13,2024-11-27,168492.03,0.12,20219.04,188711.07,Paid
INV-000645,PRJ-0241,CLT-065,2025-12-14,2026-01-28,44761.94,0.13,5819.05,50580.99,Partially Paid
INV-000646,PRJ-0242,CLT-085,2025-07-18,2025-08-17,25697.65,0.13,3340.69,29038.34,Paid
INV-000647,PRJ-0242,CLT-085,2025-10-04,2025-11-03,14200.95,0.13,1846.12,16047.07,Paid
INV-000648,PRJ-0243,CLT-035,2025-10-14,2025-11-13,28849.28,0.13,3750.41,32599.69,Paid
INV-000649,PRJ-0244,CLT-027,2024-09-14,2024-10-14,37779.09,0.13,4911.28,42690.37,Paid
INV-000650,PRJ-0244,CLT-027,2024-10-30,2024-11-29,71530.77,0.13,9299,80829.77,Overdue
INV-000651,PRJ-0244,CLT-027,2025-01-01,2025-01-31,38502.46,0.13,5005.32,43507.78,Paid
INV-000652,PRJ-0244,CLT-027,2025-02-18,2025-03-20,56159.33,0.13,7300.71,63460.04,Paid
INV-000653,PRJ-0245,CLT-031,2024-08-03,2024-08-18,29339.34,0.14975,4393.57,33732.91,
INV-000654,PRJ-0245,CLT-031,2024-10-17,2024-11-01,44848.56,0.14975,6716.07,51564.63,
INV-000655,PRJ-0246,CLT-046,2024-04-02,2024-05-02,47640.2,0.12,5716.82,53357.02,Paid
INV-000656,PRJ-0247,CLT-011,2023-07-15,2023-09-13,39710.6,0.15,5956.59,45667.19,Overdue
INV-000657,PRJ-0247,CLT-011,2023-08-29,2023-10-28,34378.05,0.15,5156.71,39534.76,Paid
INV-000658,PRJ-0248,CLT-082,2025-04-24,2025-05-24,74671.78,0.13,9707.33,84379.11,Paid
INV-000659,PRJ-0248,CLT-082,2025-06-21,2025-07-21,61496.79,0.13,7994.58,69491.37,Paid
INV-000660,PRJ-0248,CLT-082,2025-08-12,2025-09-11,101083.9,0.13,13140.91,114224.81,Paid
INV-000661,PRJ-0249,CLT-032,2024-09-02,2024-10-17,74095.89,0.14975,11095.86,85191.75,Paid
INV-000662,PRJ-0249,CLT-032,2024-10-24,2024-12-08,76571.06,0.14975,11466.52,88037.58,Overdue
INV-000663,PRJ-0249,CLT-032,2025-01-08,2025-02-22,80611.77,0.14975,12071.61,92683.38,Paid
INV-000664,PRJ-0250, CLT-010 ,2024-05-26,2024-06-25,32325.45,0.13,4202.31,36527.76,Partially Paid - Overdue
INV-000665,PRJ-0250,CLT-010,2024-08-29,2024-09-28,30058.96,0.13,3907.66,33966.62,
INV-000666,PRJ-0250,CLT-010,2024-11-12,2024-12-12,28808.74,0.13,3745.14,32553.88,
INV-000667,prj-0251 ,CLT-068,2025-01-19,2025-03-05,38040.26,0.13,4945.23,42985.49,Overdue
INV-000668,PRJ-0251,CLT-068,2025-04-12,2025-05-27,22178.16,0.13,2883.16,25061.32,Paid
INV-000669,PRJ-0251,CLT-068,2025-06-06,2025-07-21,32978.96,0.13,4287.26,37266.22,Paid
INV-000670,PRJ-0252,CLT-058,2024-02-12,2024-03-13,114929.95,0.05,5746.5,120676.45,Paid
INV-000671,PRJ-0252,CLT-058,2024-02-29,2024-03-30,90733.8,,,,
INV-000672,PRJ-0252,CLT-058,2024-03-18,2024-04-17,112245.27,,,,Paid
INV-000673,PRJ-0253,CLT-088,2023-11-26,2024-01-10,78668.63,0.12,9440.24,88108.87,Paid
INV-000674,PRJ-0253,CLT-088,2024-01-29,2024-03-14,53229.39,0.12,6387.53,59616.92,Paid
INV-000675,PRJ-0254,CLT-092,2023-01-28,2023-02-27,70248.38,0.14975,10519.69,80768.07,Paid
INV-000676,PRJ-0254,CLT-092,2023-02-14,2023-03-16,93165.33,0.14975,13951.51,107116.84,Paid
INV-000677,PRJ-0254,CLT-092,2023-03-18,2023-04-17,63796.62,0.14975,9553.54,73350.16,Paid
INV-000678, PRJ-0255,CLT-067,2023-04-13,2023-05-13,180505.83,0.12,21660.7,202166.53,Paid
INV-000679,PRJ-0255,CLT-067,2023-06-10,2023-07-10,165668.77,0.12,19880.25,185549.02,Paid
INV-000680,PRJ-0255,CLT-067,2023-08-15,2023-09-14,99718.07,0.12,11966.17,111684.24,Paid
INV-000681,PRJ-0256,CLT-019,2025-06-29,2025-08-28,34360.68,0.13,4466.89,38827.57,Paid
INV-000682,PRJ-0256,CLT-019,2025-08-14,2025-10-13,43102.3,0.13,5603.3,48705.6,Paid
INV-000683,PRJ-0256,CLT-019,2025-10-04,2025-12-03,32386.73,0.13,4210.27,36597,
INV-000684,PRJ-0257,CLT-057,2024-06-09,2024-08-08,71993.2,0.13,9359.12,81352.32,Overdue
INV-000685,PRJ-0257,CLT-057,2024-09-09,2024-11-08,117451.79,0.13,15268.73,132720.52,Paid
INV-000686,PRJ-0257,CLT-057,2024-12-19,2025-02-17,97115.32,0.13,12624.99,109740.31,Paid
INV-000687,PRJ-0258,CLT-080,2025-03-21,2025-04-05,66680.49,0.12,8001.66,74682.15,Paid
INV-000688,PRJ-0258,CLT-080,2025-05-07,2025-05-22,105924.08,0.12,12710.89,118634.97,Overdue
INV-000689,PRJ-0258,CLT-080,2025-06-15,2025-06-30,62180.61,0.12,7461.67,69642.28,Paid
INV-000690,PRJ-0259,CLT-031,2025-05-04,2025-05-19,33882.84,0.14975,5073.96,38956.8,Paid
INV-000691,PRJ-0259,CLT-031,2025-08-28,2025-09-12,34722.73,0.14975,5199.73,39922.46,Paid
INV-000692,PRJ-0260,CLT-009,2025-08-22,2025-09-21,61175.03,0.05,3058.75,64233.78,Paid
INV-000693,PRJ-0260,CLT-009,2025-09-27,2025-10-27,77281.01,0.05,3864.05,81145.06,Overdue
INV-000694,PRJ-0260,CLT-009 ,2025-11-25,2025-12-25,94044.1,0.05,4702.21,98746.31,Partially Paid - Overdue
