Assignment_ID,Project_ID,Consultant_ID,Role_On_Project,Assigned_Start_Date,Assigned_End_Date,Allocation_Pct,Bill_Rate_CAD,Assignment_Status
ASN-00001,PRJ-0001,CON-038,Project Manager,2024-07-14,2024-11-19,0.25,256.5,Closed
ASN-00002,PRJ-0001,CON-051,Business Analyst,2024-07-15,2024-11-19,0.6,209,Closed
ASN-00003,PRJ-0001,CON-077,Lead Consultant,2024-07-17,2024-11-19,0.4,256.5,Closed
ASN-00004,PRJ-0002,CON-048,Project Manager,2024-05-06,2024-07-25,0.15,256.5,Closed
ASN-00005,PRJ-0002,CON-023,Delivery Consultant,2024-05-04,2024-07-25,1,171,Closed
ASN-00006,PRJ-0002,CON-051,Business Analyst,2024-05-18,2024-07-25,0.25,209,Closed
ASN-00007,PRJ-0003,CON-056,Project Manager,2025-06-11,2025-06-21,0.3,297,Closed
ASN-00008,PRJ-0003,CON-028,Business Analyst,2025-06-07,2025-06-21,1,157.5,Closed
ASN-00009,PRJ-0004,CON-057,Project Manager,2023-10-07,2024-05-19,0.3,297,Closed
ASN-00010,PRJ-0004,CON-053,Technical Specialist,2023-10-16,2024-05-19,0.2,242,Closed
ASN-00011,PRJ-0005,CON-022,Project Manager,2025-07-16,2025-12-13,0.25,270,Active
ASN-00012,prj-0005,CON-039,Lead Consultant,2025-07-28,2025-12-13,0.6,150,Active
ASN-00013,PRJ-0006,CON-057,Project Manager,2024-12-05,2025-01-10,0.2,297,Closed
ASN-00014,PRJ-0006,CON-053,Change Analyst,2024-12-06,2025-01-10,0.25,242,Closed
ASN-00015,PRJ-0007,CON-059,Project Manager,2025-01-18,2025-07-01,0.25,297.5,Closed
ASN-00016, PRJ-0007,CON-055,Change Analyst,2025-01-09,2025-07-01,0.75,153,Closed
ASN-00017,PRJ-0007,CON-067,Business Analyst,2025-01-03,2025-07-01,0.6,187,Closed
ASN-00018,PRJ-0007,CON-034,Lead Consultant,2025-01-11,2025-07-01,0.5,187,Closed
ASN-00019,PRJ-0008,CON-069,Project Manager,2025-04-23,2025-07-27,0.25,243,Closed
ASN-00020,PRJ-0008,CON-073 ,Change Analyst,2025-05-06,2025-07-27,0.3,198,Closed
ASN-00021,PRJ-0008,CON-046,Delivery Consultant,2025-04-24,2025-07-27,0.75,135,Closed
ASN-00022,PRJ-0009,CON-056,Project Manager,2024-12-31,2025-06-15,0.2,297,Closed
ASN-00023,PRJ-0009,CON-065,Delivery Consultant,2025-01-11,2025-06-15,0.75,242,Closed
ASN-00024,PRJ-0010,CON-038,Project Manager,2023-10-28,2023-12-16,0.2,256.5,Closed
ASN-00025,PRJ-0010,CON-005,Lead Consultant,2023-11-06,2023-12-16,0.75,171,Closed
ASN-00026,PRJ-0010,CON-035,Business Analyst,2023-10-28,2023-12-16,0.25,142.5,Closed
ASN-00027,PRJ-0011,CON-036,Project Manager,2024-12-17,2025-04-23,0.15,350,Closed
ASN-00028,PRJ-0011,CON-062,Change Analyst,2024-12-20,2025-04-23,0.2,220,Closed
ASN-00029,PRJ-0011,con-022,Technical Specialist,2024-12-22,2025-04-23,0.4,270,Closed
ASN-00030,PRJ-0012,CON-056,Project Manager,2025-04-20,2025-04-27,0.15,297,Closed
ASN-00031,PRJ-0012, CON-021,Lead Consultant,2025-04-19,2025-04-19,0.3,198,Closed
ASN-00032,prj-0012,CON-018,Business Analyst,2025-04-05,2025-04-19,1,198,Closed
ASN-00033,PRJ-0012,CON-065,Lead Consultant,2025-04-01,2025-04-19,0.2,242,Closed
ASN-00034,PRJ-0013,CON-048,Project Manager,2025-04-12,2025-06-04,0.2,256.5,Closed
ASN-00035,PRJ-0013,CON-023,Lead Consultant,2025-04-13,2025-06-04,0.2,171,Closed
ASN-00036,PRJ-0013 ,CON-003,Lead Consultant,2025-04-20,2025-06-04,0.5,171,Closed
ASN-00037,PRJ-0013,CON-007,Business Analyst,2025-04-18,2025-06-04,0.75,142.5,Closed
ASN-00038,PRJ-0014,CON-059,Project Manager,2024-11-04,2025-03-26,0.25,297.5,Closed
ASN-00039,PRJ-0014,CON-030,Technical Specialist,2024-10-21,2025-03-26,0.2,153,Closed
ASN-00040,PRJ-0014,CON-063,Lead Consultant,2024-11-03,2025-03-26,1,127.5,Closed
ASN-00041,PRJ-0015,CON-048,Project Manager,2024-11-01,2025-02-04,0.2,256.5,Closed
ASN-00042,PRJ-0015,CON-031,Technical Specialist,2024-11-06,2025-02-04,0.4,142.5,Closed
ASN-00043,PRJ-0015,CON-007,Change Analyst,2024-10-31,2025-02-04,0.4,142.5,Closed
ASN-00044,PRJ-0016,CON-015,Project Manager,2024-09-26,2025-05-18,0.1,350,Closed
ASN-00045,PRJ-0016,CON-039,Technical Specialist,2024-10-09,2025-05-18,0.3,150,Closed
ASN-00046,PRJ-0017,CON-069,Project Manager,2024-08-22,2024-09-30,0.3,243,Active
ASN-00047,PRJ-0017,CON-046,Business Analyst,2024-08-22,2024-09-30,0.3,135,Active
ASN-00048,PRJ-0018,CON-056,Project Manager,2025-01-21,2025-08-14,0.15,297,Closed
ASN-00049,PRJ-0018,CON-013,Business Analyst,2025-01-06,2025-08-14,0.5,165,Closed
ASN-00050,PRJ-0018,CON-058,Lead Consultant,2025-01-09,2025-08-14,0.6,165,Closed
ASN-00051,PRJ-0019,CON-057,Project Manager,2023-01-17,2023-02-23,0.2,297,Active
ASN-00052,PRJ-0019,CON-018,Lead Consultant,2023-01-13,2023-02-23,0.25,198,Active
ASN-00053,PRJ-0020,CON-033,Project Manager,2023-06-05,2023-07-17,0.1,315,Closed
ASN-00054,PRJ-0020,CON-004,Technical Specialist,2023-05-30,2023-07-17,0.25,135,Closed
ASN-00055,PRJ-0020,CON-054,Business Analyst,2023-06-05,2023-07-17,0.4,162,Closed
ASN-00056,PRJ-0021,CON-056,Project Manager,2023-10-11,2023-11-27,0.15,297,Closed
ASN-00057,PRJ-0021,CON-058,Delivery Consultant,2023-10-12,2023-11-27,0.5,165,Closed
ASN-00058,PRJ-0022,CON-057,Project Manager,2023-02-01,2023-09-07,0.25,297,Active
ASN-00059,PRJ-0022,CON-013,Business Analyst,2023-02-15,2023-09-07,0.4,165,Active
ASN-00060,PRJ-0023,CON-032,Project Manager,2025-07-22,2025-12-31,0.3,315,Active
ASN-00061,PRJ-0023,CON-016,Business Analyst,2025-07-30,2025-12-31,0.3,162,Active
ASN-00062,prj-0024,CON-078,Project Manager,2024-02-08,2024-05-04,0.2,270,Closed
ASN-00063,PRJ-0024,CON-074,Business Analyst,2024-02-25,2024-05-04,0.75,270,Closed
ASN-00064,PRJ-0024,CON-071,Technical Specialist,2024-02-12,2024-05-04,0.4,180,Closed
ASN-00065,prj-0025,CON-017,Project Manager,2024-07-04,2024-08-31,0.15,243,Closed
ASN-00066,PRJ-0025,CON-068,Change Analyst,2024-07-05,2024-08-31,0.2,157.5,Closed
ASN-00067,PRJ-0026,CON-078,Project Manager,2024-02-21,2024-04-20,0.15,270,Closed
ASN-00068,PRJ-0026,CON-022,Lead Consultant,2024-02-14,2024-04-20,0.25,270,Closed
ASN-00069,PRJ-0026,CON-037,Lead Consultant,2024-02-11,2024-04-20,0.25,180,Closed
ASN-00070,PRJ-0027,CON-074,Project Manager,2025-09-19,2025-10-28,0.3,270,Closed
ASN-00071,prj-0027,CON-045,Delivery Consultant,2025-09-10,2025-10-28,0.6,157.5,Closed
ASN-00072,PRJ-0027,CON-008,Lead Consultant,2025-09-17,2025-10-28,0.2,189,Closed
ASN-00073,PRJ-0028,CON-075,Project Manager,2024-11-13,2025-04-26,0.3,315,Closed
ASN-00074,PRJ-0028,CON-044,Lead Consultant,2024-11-07,2025-04-26,0.6,157.5,Closed
ASN-00075,PRJ-0028,CON-008,Delivery Consultant,2024-11-07,2025-04-26,0.25,189,Closed
ASN-00076,PRJ-0029,CON-036,Project Manager,2024-01-25,2024-09-04,0.1,350,Closed
ASN-00077,PRJ-0029,CON-074,Change Analyst,2024-01-29,2024-09-04,0.2,270,Closed
ASN-00078,PRJ-0029,CON-062,Delivery Consultant,2024-01-23,2024-09-04,0.25,220,Closed
ASN-00079,PRJ-0030,CON-057,Project Manager,2025-05-04,2025-12-09,0.15,297,Active
ASN-00080,PRJ-0030,CON-070,Business Analyst,2025-05-13,2025-12-09,0.4,198,Active
ASN-00081,PRJ-0031,CON-074,Project Manager,2023-04-24,2023-08-26,0.1,270,Closed
ASN-00082,PRJ-0031,CON-026,Change Analyst,2023-04-18,2023-08-26,0.25,189,Closed
ASN-00083,PRJ-0031,CON-011,Delivery Consultant,2023-04-18,2023-08-26,0.2,189,Closed
ASN-00084,PRJ-0032,CON-017,Project Manager,2025-04-23,2025-10-02,0.3,243,Closed
ASN-00085,PRJ-0032,CON-045,Delivery Consultant,2025-04-30,2025-10-02,0.25,157.5,Closed
ASN-00086,PRJ-0032,CON-026,Business Analyst,2025-05-07,2025-10-02,0.3,189,Closed
ASN-00087,PRJ-0033,CON-077,Project Manager,2024-08-14,2025-01-20,0.2,256.5,Closed
ASN-00088,PRJ-0033,CON-080,Lead Consultant,2024-08-18,2025-01-20,1,142.5,Closed
ASN-00089,PRJ-0034,CON-006,Project Manager,2024-08-28,2025-01-13,0.1,256.5,Closed
ASN-00090,PRJ-0034,CON-029,Technical Specialist,2024-08-21,2025-01-13,0.4,189,Closed
ASN-00091,PRJ-0034,CON-026,Lead Consultant,2024-08-25,2025-01-13,0.2,189,Closed
ASN-00092,PRJ-0035,CON-017,Project Manager,2025-10-20,2025-12-31,0.1,243,Active
ASN-00093,PRJ-0035,CON-033,Technical Specialist,2025-10-17,2025-12-31,0.2,315,Active
ASN-00094,PRJ-0036,CON-057,Project Manager,2023-05-13,2023-06-19,0.15,297,Closed
ASN-00095,PRJ-0036,CON-047,Lead Consultant,2023-05-17,2023-06-19,0.4,242,Closed
ASN-00096,PRJ-0036,CON-002,Technical Specialist,2023-05-17,2023-06-19,0.4,242,Closed
ASN-00097,PRJ-0037,CON-075,Project Manager,2023-01-21,2023-03-21,0.3,315,Active
ASN-00098,PRJ-0037,CON-049,Lead Consultant,2023-01-12,2023-03-21,0.3,162,Active
ASN-00099,PRJ-0037,CON-054,Delivery Consultant,2023-01-08,2023-03-21,0.5,162,Active
ASN-00100,PRJ-0038,CON-033,Project Manager,2025-08-03,2025-12-31,0.2,315,Active
ASN-00101,PRJ-0038,CON-008,Business Analyst,2025-08-16,2025-12-31,0.75,189,Active
ASN-00102,PRJ-0038,CON-028,Delivery Consultant,2025-08-13,2025-12-31,0.3,157.5,Active
ASN-00103,PRJ-0039,CON-075,Project Manager,2024-09-01,2025-01-15,0.15,315,Closed
ASN-00104,PRJ-0039,CON-008,Technical Specialist,2024-09-03,2025-01-15,0.25,189,Closed
ASN-00105,PRJ-0039,CON-028,Business Analyst,2024-09-03,2025-01-15,0.25,157.5,Closed
ASN-00106,PRJ-0040,CON-074,Project Manager,2023-02-21,2023-08-02,0.25,270,Active
ASN-00107,PRJ-0040,CON-062,Delivery Consultant,2023-02-12,2023-08-02,0.25,220,Active
ASN-00108,PRJ-0040,CON-036,Change Analyst,2023-02-18,2023-08-02,0.4,350,Active
ASN-00109,PRJ-0041,CON-033,Project Manager,2024-01-30,2024-03-03,0.3,315,Closed
ASN-00110,PRJ-0041,CON-069,Change Analyst,2024-01-27,2024-03-03,0.6,243,Closed
ASN-00111,PRJ-0042,CON-069,Project Manager,2024-02-13,2024-08-08,0.2,243,Closed
ASN-00112,PRJ-0042,CON-008,Delivery Consultant,2024-02-25,2024-08-08,1,189,Closed
ASN-00113,PRJ-0042,CON-029,Lead Consultant,2024-02-14,2024-08-08,0.2,189,Closed
ASN-00114,PRJ-0043,CON-059,Project Manager,2025-10-12,2025-12-31,0.25,297.5,Active
ASN-00115,PRJ-0043,CON-055,Technical Specialist,2025-10-09,2025-12-31,0.2,153,Active
ASN-00116,PRJ-0043,CON-034,Lead Consultant,2025-10-13,2025-12-31,0.2,187,Active
ASN-00117,PRJ-0044,CON-022,Project Manager,2025-02-10,2025-04-18,0.1,270,Closed
ASN-00118,PRJ-0044,CON-043,Technical Specialist,2025-02-03,2025-04-18,0.2,220,Closed
ASN-00119,PRJ-0044,CON-037,Change Analyst,2025-01-30,2025-04-18,0.4,180,Closed
ASN-00120,PRJ-0045,CON-033,Project Manager,2025-07-19,2025-10-18,0.15,315,Closed
ASN-00121,PRJ-0045,CON-017,Delivery Consultant,2025-07-16,2025-10-18,0.75,243,Closed
ASN-00122,PRJ-0046,CON-033,Project Manager,2023-01-27,2023-03-16,0.2,315,Closed
ASN-00123,PRJ-0046,CON-054,Lead Consultant,2023-02-07,2023-03-16,0.5,162,Closed
ASN-00124,PRJ-0046,CON-032,Business Analyst,2023-02-07,2023-03-16,0.3,315,Closed
ASN-00125,PRJ-0046,CON-016,Business Analyst,2023-02-07,2023-03-16,0.25,162,Closed
ASN-00126,PRJ-0047,CON-038,Project Manager,2023-05-08,2023-07-03,0.3,256.5,Active
ASN-00127,PRJ-0047,CON-072,Technical Specialist,2023-04-26,2023-07-03,0.2,142.5,Active
ASN-00128,PRJ-0048,CON-057,Project Manager,2024-05-15,2024-07-27,0.3,297,Closed
ASN-00129,PRJ-0048,CON-002,Change Analyst,2024-05-25,2024-07-27,0.3,242,Closed
ASN-00130,PRJ-0049,CON-033,Project Manager,2023-10-04,2024-01-09,0.1,315,Closed
ASN-00131, PRJ-0049,CON-073,Business Analyst,2023-10-19,2024-01-09,0.3,198,Closed
ASN-00132,PRJ-0049,CON-054,Delivery Consultant,2023-10-14,2024-01-09,0.4,162,Closed
ASN-00133,PRJ-0050,CON-032,Project Manager,2023-12-19,2024-01-19,0.15,315,Active
ASN-00134,PRJ-0050,CON-008,Lead Consultant,2023-12-17,2024-01-19,0.4,189,Active
ASN-00135,PRJ-0050,CON-068,Delivery Consultant,2023-12-10,2024-01-19,0.5,157.5,Active
ASN-00136,PRJ-0051,CON-015,Project Manager,2025-09-25,2025-12-31,0.25,350,Active
ASN-00137,PRJ-0051,CON-014,Lead Consultant,2025-09-22,2025-12-31,0.25,220,Active
ASN-00138,PRJ-0051,con-039 ,Technical Specialist,2025-09-15,2025-12-31,0.4,150,Active
ASN-00139,PRJ-0051,CON-043,Lead Consultant,2025-09-11,2025-12-31,0.4,220,Active
ASN-00140,prj-0052 ,CON-006,Project Manager,2025-09-18,2025-12-31,0.2,256.5,Active
ASN-00141,PRJ-0052,con-038 ,Lead Consultant,2025-10-06,2025-12-31,0.75,256.5,Active
ASN-00142,PRJ-0052,CON-042,Business Analyst,2025-09-26,2025-12-31,0.5,171,Active
ASN-00143,PRJ-0053,CON-074,Project Manager,2023-07-21,2023-08-19,0.1,270,Closed
ASN-00144,PRJ-0053,CON-062,Business Analyst,2023-07-18,2023-08-19,0.6,220,Closed
ASN-00145,PRJ-0054,CON-074,Project Manager,2024-09-17,2025-01-19,0.1,270,Active
ASN-00146,PRJ-0054,CON-039,Lead Consultant,2024-09-06,2025-01-19,0.6,150,Active
ASN-00147,PRJ-0054,CON-078,Change Analyst,2024-09-18,2025-01-19,0.75,270,Active
ASN-00148,PRJ-0055,CON-038,Project Manager,2024-07-02,2025-01-04,0.1,256.5,Closed
ASN-00149,PRJ-0055,CON-072,Change Analyst,2024-06-29,2025-01-04,0.75,142.5,Closed
ASN-00150,PRJ-0055,CON-035,Change Analyst,2024-07-03,2025-01-04,0.4,142.5,Closed
ASN-00151,PRJ-0055,CON-007,Business Analyst,2024-07-03,2025-01-04,0.4,142.5,Closed
ASN-00152,PRJ-0056,CON-056,Project Manager,2025-07-03,2025-12-31,0.1,297,Active
ASN-00153,PRJ-0056,CON-009,Delivery Consultant,2025-07-20,2025-12-31,0.2,242,Active
ASN-00154,PRJ-0056,CON-047,Delivery Consultant,2025-07-10,2025-12-31,0.3,242,Active
ASN-00155,PRJ-0057,CON-038,Project Manager,2024-07-03,2024-10-27,0.3,256.5,Closed
ASN-00156,PRJ-0057, CON-028,Delivery Consultant,2024-07-01,2024-10-27,0.4,157.5,Closed
ASN-00157,PRJ-0057,CON-011,Technical Specialist,2024-07-15,2024-10-27,1,189,Closed
ASN-00158,PRJ-0058,CON-038,Project Manager,2025-01-28,2025-07-02,0.3,256.5,Closed
ASN-00159,PRJ-0058,CON-020,Lead Consultant,2025-01-28,2025-07-02,0.2,209,Closed
ASN-00160,PRJ-0059,CON-032,Project Manager,2025-03-31,2025-05-27,0.1,315,Closed
ASN-00161,PRJ-0059,CON-017,Technical Specialist,2025-03-23,2025-05-27,0.2,243,Closed
ASN-00162,PRJ-0059,CON-069,Lead Consultant,2025-03-21,2025-05-27,0.3,243,Closed
ASN-00163,PRJ-0060,CON-059,Project Manager,2024-02-27,2024-04-18,0.25,297.5,Closed
ASN-00164,PRJ-0060,CON-040,Delivery Consultant,2024-03-09,2024-04-18,0.25,187,Closed
ASN-00165,PRJ-0060,CON-064,Lead Consultant,2024-03-02,2024-04-18,0.2,127.5,Closed
ASN-00166,PRJ-0061,CON-077,Project Manager,2024-02-03,2024-08-15,0.3,256.5,Closed
ASN-00167,prj-0061 ,CON-012,Lead Consultant,2024-02-11,2024-08-15,0.75,142.5,Closed
ASN-00168,PRJ-0062,CON-048,Project Manager,2024-02-22,2024-05-07,0.1,256.5,Closed
ASN-00169,PRJ-0062,CON-005,Technical Specialist,2024-02-06,2024-05-07,0.3,171,Closed
ASN-00170,PRJ-0062,CON-007,Lead Consultant,2024-02-24,2024-05-07,0.75,142.5,Closed
ASN-00171,PRJ-0063,CON-059,Project Manager,2024-09-14,2024-11-12,0.1,297.5,Closed
ASN-00172,PRJ-0063,CON-040,Delivery Consultant,2024-09-15,2024-11-12,0.4,187,Closed
ASN-00173,PRJ-0064,CON-059,Project Manager,2023-04-01,2023-09-05,0.15,297.5,Closed
ASN-00174,PRJ-0064,CON-055,Technical Specialist,2023-03-31,2023-09-05,0.5,153,Closed
ASN-00175,PRJ-0065, CON-074,Project Manager,2023-11-12,2024-05-09,0.1,270,Closed
ASN-00176,PRJ-0065,CON-078,Change Analyst,2023-11-23,2024-05-09,0.3,270,Closed
ASN-00177,PRJ-0065,CON-015,Lead Consultant,2023-11-18,2024-05-09,0.5,350,Closed
ASN-00178,PRJ-0066,CON-033,Project Manager,2024-06-14,2024-08-18,0.2,315,Closed
ASN-00179,PRJ-0066,CON-049,Business Analyst,2024-05-29,2024-08-18,1,162,Closed
ASN-00180,PRJ-0066,CON-069,Lead Consultant,2024-06-02,2024-08-18,0.5,243,Closed
ASN-00181,PRJ-0066,CON-017,Business Analyst,2024-06-01,2024-08-18,0.25,243,Closed
ASN-00182,PRJ-0067,CON-075,Project Manager,2023-08-10,2023-08-29,0.25,315,Closed
ASN-00183,PRJ-0067,CON-032,Change Analyst,2023-08-08,2023-08-29,0.2,315,Closed
ASN-00184,PRJ-0068,CON-033,Project Manager,2024-02-10,2024-05-13,0.2,315,Closed
ASN-00185,PRJ-0068,CON-046,Change Analyst,2024-02-24,2024-05-13,0.25,135,Closed
ASN-00186,PRJ-0068,CON-075,Delivery Consultant,2024-02-11,2024-05-13,0.25,315,Closed
ASN-00187,PRJ-0069,CON-032,Project Manager,2025-04-25,2025-08-23,0.15,315,Closed
ASN-00188,PRJ-0069,CON-073,Lead Consultant,2025-04-30,2025-08-23,0.75,198,Closed
ASN-00189,PRJ-0070,CON-038,Project Manager,2024-09-02,2024-11-09,0.25,256.5,Closed
ASN-00190,PRJ-0070,CON-024,Delivery Consultant,2024-08-31,2024-11-09,0.6,209,Closed
ASN-00191,PRJ-0071,CON-077,Project Manager,2023-04-12,2023-09-19,0.25,256.5,Closed
ASN-00192,PRJ-0071,CON-051,Lead Consultant,2023-04-14,2023-09-19,0.2,209,Closed
ASN-00193,PRJ-0071,CON-038,Technical Specialist,2023-03-29,2023-09-19,0.5,256.5,Closed
ASN-00194,PRJ-0072,CON-006,Project Manager,2023-07-16,2024-01-16,0.1,256.5,Closed
ASN-00195,PRJ-0072,CON-072,Technical Specialist,2023-07-17,2024-01-16,1,142.5,Closed
ASN-00196,PRJ-0073,CON-057,Project Manager,2024-07-21,2025-01-29,0.25,297,Closed
ASN-00197,PRJ-0073,CON-056,Technical Specialist,2024-07-21,2025-01-29,0.2,297,Closed
ASN-00198,PRJ-0074,CON-022,Project Manager,2023-07-13,2024-02-22,0.25,270,Closed
ASN-00199,PRJ-0074,CON-011,Delivery Consultant,2023-07-12,2024-02-22,0.4,189,Closed
ASN-00200,PRJ-0074,CON-028 ,Delivery Consultant,2023-07-13,2024-02-22,0.6,157.5,Closed
ASN-00201,PRJ-0075,CON-038,Project Manager,2024-07-19,2024-10-17,0.1,256.5,Closed
ASN-00202,PRJ-0075,CON-035,Business Analyst,2024-07-14,2024-10-17,0.3,142.5,Closed
ASN-00203,PRJ-0075,CON-007,Business Analyst,2024-07-21,2024-10-17,0.6,142.5,Closed
ASN-00204,PRJ-0076,CON-017,Project Manager,2023-04-08,2023-06-24,0.25,243,Closed
ASN-00205,PRJ-0076,CON-032,Change Analyst,2023-04-12,2023-06-24,0.25,315,Closed
ASN-00206,PRJ-0076,CON-049,Delivery Consultant,2023-04-12,2023-06-24,0.2,162,Closed
ASN-00207,PRJ-0077,CON-059,Project Manager,2023-02-10,2023-09-08,0.2,297.5,Closed
ASN-00208,PRJ-0077,CON-040 ,Change Analyst,2023-02-01,2023-09-08,1,187,Closed
ASN-00209,prj-0078,CON-075,Project Manager,2023-08-19,2023-09-10,0.2,315,Closed
ASN-00210,PRJ-0078,CON-046,Change Analyst,2023-08-17,2023-09-10,0.2,135,Closed
ASN-00211,PRJ-0079,CON-074,Project Manager,2025-01-10,2025-02-10,0.1,270,Closed
ASN-00212,PRJ-0079,CON-071,Delivery Consultant,2025-01-08,2025-02-10,0.75,180,Closed
ASN-00213,PRJ-0079,CON-010,Technical Specialist,2025-01-08,2025-02-10,1,150,Closed
ASN-00214,PRJ-0080,CON-048,Project Manager,2024-01-03,2024-05-01,0.15,256.5,Closed
ASN-00215,PRJ-0080,CON-072,Technical Specialist,2023-12-19,2024-05-01,0.75,142.5,Closed
ASN-00216,PRJ-0080,CON-006,Lead Consultant,2023-12-20,2024-05-01,0.6,256.5,Closed
ASN-00217,PRJ-0080,CON-038,Technical Specialist,2023-12-25,2024-05-01,0.75,256.5,Closed
ASN-00218,PRJ-0081,CON-059,Project Manager,2025-10-21,2025-12-31,0.3,297.5,Active
ASN-00219,PRJ-0081,CON-034,Technical Specialist,2025-10-19,2025-12-31,0.5,187,Active
ASN-00220,PRJ-0082,CON-059,Project Manager,2025-04-02,2025-07-10,0.2,297.5,Closed
ASN-00221,PRJ-0082,CON-060,Change Analyst,2025-04-06,2025-07-10,0.6,153,Closed
ASN-00222,PRJ-0082,CON-034,Technical Specialist,2025-04-18,2025-07-10,0.75,187,Closed
ASN-00223,PRJ-0083,CON-056,Project Manager,2024-04-27,2024-09-09,0.2,297,Closed
ASN-00224,PRJ-0083,CON-058,Business Analyst,2024-04-14,2024-09-09,0.2,165,Closed
ASN-00225,PRJ-0083,CON-047,Change Analyst,2024-04-08,2024-09-09,0.4,242,Closed
ASN-00226,PRJ-0083,CON-018,Lead Consultant,2024-04-23,2024-09-09,0.5,198,Closed
ASN-00227,PRJ-0084,CON-077,Project Manager,2025-08-20,2025-12-31,0.2,256.5,Active
ASN-00228,PRJ-0084,CON-051,Technical Specialist,2025-08-10,2025-12-31,0.25,209,Active
ASN-00229,PRJ-0084,CON-020,Technical Specialist,2025-08-14,2025-12-31,0.6,209,Active
ASN-00230,PRJ-0085,CON-036,Project Manager,2023-10-20,2023-12-22,0.2,350,Closed
ASN-00231,PRJ-0085,CON-015,Lead Consultant,2023-10-21,2023-12-22,0.2,350,Closed
ASN-00232,PRJ-0085,CON-039,Business Analyst,2023-10-20,2023-12-22,0.3,150,Closed
ASN-00233,PRJ-0085,CON-037,Change Analyst,2023-10-12,2023-12-22,0.5,180,Closed
ASN-00234,PRJ-0086,CON-017,Project Manager,2023-04-16,2023-09-17,0.1,243,Closed
ASN-00235,PRJ-0086,CON-073,Business Analyst,2023-04-18,2023-09-17,0.25,198,Closed
ASN-00236,PRJ-0086,CON-016,Delivery Consultant,2023-05-04,2023-09-17,0.5,162,Closed
ASN-00237,PRJ-0086,CON-075,Change Analyst,2023-04-29,2023-09-17,0.6,315,Closed
ASN-00238,PRJ-0087,CON-078,Project Manager,2024-05-27,2024-10-02,0.3,270,Closed
ASN-00239,PRJ-0087,CON-041,Delivery Consultant,2024-06-06,2024-10-02,0.75,150,Closed
ASN-00240,PRJ-0087,CON-043,Delivery Consultant,2024-06-03,2024-10-02,0.25,220,Closed
ASN-00241,PRJ-0087,CON-010,Lead Consultant,2024-06-01,2024-10-02,0.2,150,Closed
ASN-00242,PRJ-0088,CON-078,Project Manager,2023-10-14,2024-04-15,0.25,270,Closed
ASN-00243,PRJ-0088,CON-037,Lead Consultant,2023-10-10,2024-04-15,1,180,Closed
ASN-00244,PRJ-0088,CON-010,Business Analyst,2023-10-03,2024-04-15,0.25,150,Closed
ASN-00245,PRJ-0089,CON-059,Project Manager,2025-01-06,2025-03-25,0.15,297.5,Active
ASN-00246,PRJ-0089,CON-067,Change Analyst,2025-01-12,2025-03-25,1,187,Active
ASN-00247,PRJ-0089,CON-040,Business Analyst,2025-01-07,2025-03-25,0.2,187,Active
ASN-00248,PRJ-0089,CON-064,Lead Consultant,2025-01-06,2025-03-25,0.3,127.5,Active
ASN-00249,PRJ-0090,CON-006,Project Manager,2025-05-02,2025-08-23,0.1,256.5,Closed
ASN-00250,PRJ-0090,CON-031,Technical Specialist,2025-05-03,2025-08-23,0.75,142.5,Closed
ASN-00251,PRJ-0091,CON-077,Project Manager,2023-05-11,2023-06-28,0.25,256.5,Closed
ASN-00252,PRJ-0091,CON-006,Delivery Consultant,2023-05-20,2023-06-28,0.6,256.5,Closed
ASN-00253,PRJ-0091,CON-019,Change Analyst,2023-05-14,2023-06-28,0.75,209,Closed
ASN-00254,PRJ-0092,CON-075,Project Manager,2023-05-23,2023-11-30,0.15,315,Active
ASN-00255,PRJ-0092,CON-049,Business Analyst,2023-05-15,2023-11-30,0.6,162,Active
ASN-00256,PRJ-0093,CON-069,Project Manager,2023-03-28,2023-05-09,0.15,243,Closed
ASN-00257,PRJ-0093,CON-073,Business Analyst,2023-04-07,2023-05-09,0.2,198,Closed
ASN-00258,PRJ-0093,CON-033,Change Analyst,2023-03-28,2023-05-09,1,315,Closed
ASN-00259,PRJ-0094,CON-048,Project Manager,2024-01-16,2024-03-06,0.2,256.5,Closed
ASN-00260,PRJ-0094,CON-008,Delivery Consultant,2024-01-25,2024-03-06,0.75,189,Closed
ASN-00261,PRJ-0095,CON-069,Project Manager,2025-08-25,2025-12-15,0.3,243,Closed
ASN-00262,PRJ-0095,CON-075,Delivery Consultant,2025-08-29,2025-12-15,0.5,315,Closed
ASN-00263,PRJ-0095,CON-033,Technical Specialist,2025-08-26,2025-12-15,0.3,315,Closed
ASN-00264,PRJ-0095,CON-049,Technical Specialist,2025-09-08,2025-12-15,1,162,Closed
ASN-00265,PRJ-0096,CON-015,Project Manager,2025-01-28,2025-03-10,0.15,350,Closed
ASN-00266,PRJ-0096,CON-022,Technical Specialist,2025-02-11,2025-03-10,0.5,270,Closed
ASN-00267,PRJ-0097,CON-048,Project Manager,2025-04-16,2025-04-23,0.25,256.5,Closed
ASN-00268,PRJ-0097,CON-077,Business Analyst,2025-03-31,2025-04-15,0.75,256.5,Closed
ASN-00269,PRJ-0097,CON-012,Change Analyst,2025-04-05,2025-04-15,0.5,142.5,Closed
ASN-00270,PRJ-0097,CON-019,Technical Specialist,2025-04-17,2025-04-24,0.4,209,Closed
ASN-00271,PRJ-0098,CON-017,Project Manager,2023-02-18,2023-07-30,0.25,243,Closed
ASN-00272,PRJ-0098,CON-016,Change Analyst,2023-03-06,2023-07-30,0.25,162,Closed
ASN-00273,PRJ-0099,CON-059,Project Manager,2025-03-16,2025-08-28,0.15,297.5,Closed
ASN-00274,PRJ-0099,CON-064,Delivery Consultant,2025-03-19,2025-08-28,0.2,127.5,Closed
ASN-00275,PRJ-0100,CON-056,Project Manager,2023-12-08,2024-07-03,0.1,297,Closed
ASN-00276,PRJ-0100,CON-057,Lead Consultant,2023-11-29,2024-07-03,0.75,297,Closed
ASN-00277,PRJ-0101,CON-032,Project Manager,2023-03-15,2023-09-22,0.1,315,Closed
ASN-00278,PRJ-0101, CON-050,Business Analyst,2023-03-12,2023-09-22,0.6,198,Closed
ASN-00279,PRJ-0101,CON-017,Delivery Consultant,2023-03-07,2023-09-22,1,243,Closed
ASN-00280,PRJ-0102,CON-059,Project Manager,2024-04-07,2024-08-27,0.15,297.5,Closed
ASN-00281,PRJ-0102,CON-034,Lead Consultant,2024-04-07,2024-08-27,0.5,187,Closed
ASN-00282,PRJ-0102,CON-040,Change Analyst,2024-04-16,2024-08-27,0.3,187,Closed
ASN-00283,PRJ-0102,CON-064 ,Change Analyst,2024-04-16,2024-08-27,0.25,127.5,Closed
ASN-00284,PRJ-0103, CON-059,Project Manager,2023-11-06,2024-06-01,0.15,297.5,Closed
ASN-00285,PRJ-0103,CON-055 ,Technical Specialist,2023-11-03,2024-06-01,0.6,153,Closed
ASN-00286,PRJ-0104,CON-059,Project Manager,2023-10-22,2024-03-19,0.3,297.5,Closed
ASN-00287,PRJ-0104,CON-030,Business Analyst,2023-10-30,2024-03-19,0.75,153,Closed
ASN-00288,PRJ-0104,CON-064,Business Analyst,2023-10-25,2024-03-19,0.25,127.5,Closed
ASN-00289,PRJ-0104,CON-067,Technical Specialist,2023-11-09,2024-03-19,1,187,Closed
ASN-00290,PRJ-0105,CON-077,Project Manager,2025-05-22,2025-07-13,0.15,256.5,Closed
ASN-00291,PRJ-0105,CON-019,Delivery Consultant,2025-05-15,2025-07-13,1,209,Closed
ASN-00292,PRJ-0105,CON-035,Technical Specialist,2025-05-17,2025-07-13,1,142.5,Closed
ASN-00293,PRJ-0105,CON-023,Business Analyst,2025-05-08,2025-07-13,0.75,171,Closed
ASN-00294,PRJ-0106,CON-033,Project Manager,2025-01-17,2025-02-04,0.3,315,Closed
ASN-00295,PRJ-0106,CON-004,Lead Consultant,2025-01-08,2025-02-04,0.25,135,Closed
ASN-00296,PRJ-0107,CON-074,Project Manager,2024-02-12,2024-05-17,0.15,270,Closed
ASN-00297,PRJ-0107,CON-066,Technical Specialist,2024-02-21,2024-05-17,0.3,150,Closed
ASN-00298,prj-0107 ,CON-043,Business Analyst,2024-02-22,2024-05-17,0.75,220,Closed
ASN-00299,PRJ-0108,CON-069,Project Manager,2024-01-21,2024-06-09,0.1,243,Closed
ASN-00300,PRJ-0108,CON-032,Business Analyst,2024-02-07,2024-06-09,0.6,315,Closed
ASN-00301,PRJ-0108,CON-004,Delivery Consultant,2024-01-22,2024-06-09,0.25,135,Closed
ASN-00302,PRJ-0109,CON-075,Project Manager,2024-10-22,2024-12-08,0.2,315,Closed
ASN-00303,PRJ-0109,CON-004,Technical Specialist,2024-10-28,2024-12-08,0.5,135,Closed
ASN-00304,PRJ-0110,con-038 ,Project Manager,2024-10-08,2025-02-02,0.1,256.5,Closed
ASN-00305,PRJ-0110,CON-029,Delivery Consultant,2024-09-26,2025-02-02,0.6,189,Closed
ASN-00306,PRJ-0110,CON-011,Delivery Consultant,2024-10-04,2025-02-02,0.3,189,Closed
ASN-00307,PRJ-0111 ,CON-006,Project Manager,2025-07-18,2025-12-31,0.1,256.5,Active
ASN-00308,PRJ-0111,CON-048,Change Analyst,2025-07-08,2025-12-31,0.5,256.5,Active
ASN-00309,PRJ-0111,CON-077,Technical Specialist,2025-07-14,2025-12-31,0.4,256.5,Active
ASN-00310,PRJ-0112,CON-057,Project Manager,2024-05-26,2024-06-21,0.25,297,Closed
ASN-00311,PRJ-0112,CON-070,Change Analyst,2024-05-19,2024-06-21,0.25,198,Closed
ASN-00312,PRJ-0113,CON-038,Project Manager,2024-08-07,2024-12-01,0.3,256.5,Active
ASN-00313,PRJ-0113,CON-012,Change Analyst,2024-08-05,2024-12-01,0.6,142.5,Active
ASN-00314,PRJ-0113,CON-020,Change Analyst,2024-08-10,2024-12-01,0.25,209,Active
ASN-00315,PRJ-0114,CON-017,Project Manager,2024-11-08,2024-11-28,0.1,243,Closed
ASN-00316,PRJ-0114,CON-054,Change Analyst,2024-11-07,2024-11-28,0.6,162,Closed
ASN-00317,PRJ-0114,CON-050,Delivery Consultant,2024-11-04,2024-11-28,1,198,Closed
ASN-00318,PRJ-0114,CON-069,Business Analyst,2024-11-10,2024-11-28,1,243,Closed
ASN-00319,prj-0115,CON-059,Project Manager,2025-05-08,2025-07-29,0.15,297.5,Closed
ASN-00320,PRJ-0115,CON-063,Technical Specialist,2025-05-21,2025-07-29,0.2,127.5,Closed
ASN-00321,PRJ-0116,CON-077,Project Manager,2025-09-21,2025-12-13,0.15,256.5,Active
ASN-00322,PRJ-0116,CON-001,Technical Specialist,2025-10-01,2025-12-13,1,171,Active
ASN-00323,PRJ-0117,CON-069,Project Manager,2024-10-10,2024-11-09,0.2,243,Closed
ASN-00324,PRJ-0117,CON-032,Delivery Consultant,2024-10-24,2024-11-09,0.75,315,Closed
ASN-00325,PRJ-0117,CON-016,Change Analyst,2024-10-22,2024-11-09,0.5,162,Closed
ASN-00326,PRJ-0118,CON-032,Project Manager,2024-04-09,2024-12-05,0.1,315,Closed
ASN-00327,PRJ-0118,CON-073,Change Analyst,2024-04-17,2024-12-05,0.3,198,Closed
ASN-00328,PRJ-0118,CON-004,Business Analyst,2024-04-17,2024-12-05,0.2,135,Closed
ASN-00329,PRJ-0118,CON-075,Business Analyst,2024-04-19,2024-12-05,0.25,315,Closed
ASN-00330,PRJ-0119,CON-006 ,Project Manager,2024-10-19,2025-01-26,0.3,256.5,Closed
ASN-00331,PRJ-0119,CON-005,Technical Specialist,2024-10-25,2025-01-26,0.3,171,Closed
ASN-00332,PRJ-0119,CON-007,Technical Specialist,2024-10-13,2025-01-26,0.6,142.5,Closed
ASN-00333,PRJ-0120,CON-059,Project Manager,2023-08-13,2023-10-18,0.15,297.5,Closed
ASN-00334,PRJ-0120,CON-067,Business Analyst,2023-08-24,2023-10-18,0.25,187,Closed
ASN-00335,PRJ-0121,CON-033,Project Manager,2023-02-09,2023-08-13,0.25,315,Closed
ASN-00336,PRJ-0121,CON-050,Lead Consultant,2023-02-04,2023-08-13,0.6,198,Closed
ASN-00337,PRJ-0121,CON-032,Change Analyst,2023-02-07,2023-08-13,0.3,315,Closed
ASN-00338,PRJ-0122,CON-074,Project Manager,2024-02-28,2024-03-29,0.2,270,Closed
ASN-00339,PRJ-0122,CON-066,Change Analyst,2024-02-25,2024-03-29,0.5,150,Closed
ASN-00340,PRJ-0123, CON-059,Project Manager,2024-08-31,2024-09-18,0.2,297.5,Closed
ASN-00341, PRJ-0123 ,CON-064,Business Analyst,2024-08-28,2024-09-18,0.25,127.5,Closed
ASN-00342,PRJ-0123,CON-060,Lead Consultant,2024-08-30,2024-09-18,0.3,153,Closed
ASN-00343,PRJ-0124,CON-022,Project Manager,2025-06-29,2025-12-19,0.2,270,Active
ASN-00344,PRJ-0124,CON-028,Lead Consultant,2025-07-10,2025-12-19,0.2,157.5,Active
ASN-00345,PRJ-0125,CON-015,Project Manager,2025-02-19,2025-04-09,0.25,350,Closed
ASN-00346,PRJ-0125,CON-014,Business Analyst,2025-02-09,2025-04-09,0.6,220,Closed
ASN-00347,PRJ-0125,CON-066,Technical Specialist,2025-02-10,2025-04-09,1,150,Closed
ASN-00348,PRJ-0126,CON-074,Project Manager,2023-03-02,2023-09-18,0.2,270,Closed
ASN-00349,PRJ-0126,CON-010,Business Analyst,2023-03-20,2023-09-18,0.5,150,Closed
ASN-00350,PRJ-0126,CON-022,Technical Specialist,2023-03-10,2023-09-18,0.3,270,Closed
ASN-00351,PRJ-0126,CON-041,Business Analyst,2023-03-18,2023-09-18,0.6,150,Closed
ASN-00352,PRJ-0127,CON-077,Project Manager,2023-05-05,2023-09-04,0.15,256.5,Closed
ASN-00353,PRJ-0127,CON-019,Delivery Consultant,2023-05-09,2023-09-04,0.25,209,Closed
ASN-00354,PRJ-0127,CON-052,Change Analyst,2023-05-19,2023-09-04,0.2,142.5,Closed
ASN-00355,PRJ-0128,CON-057,Project Manager,2023-09-03,2023-12-20,0.3,297,Closed
ASN-00356,PRJ-0128,CON-065,Technical Specialist,2023-09-08,2023-12-20,0.25,242,Closed
ASN-00357,PRJ-0128,CON-013,Lead Consultant,2023-08-28,2023-12-20,1,165,Closed
ASN-00358,PRJ-0129,CON-038,Project Manager,2023-10-23,2024-03-09,0.25,256.5,Active
ASN-00359,PRJ-0129,CON-006,Delivery Consultant,2023-10-16,2024-03-09,0.5,256.5,Active
ASN-00360,PRJ-0129,CON-007,Lead Consultant,2023-10-30,2024-03-09,0.4,142.5,Active
ASN-00361,PRJ-0130,CON-036,Project Manager,2025-09-16,2025-12-23,0.1,350,Active
ASN-00362,PRJ-0130,CON-074,Business Analyst,2025-09-01,2025-12-23,0.3,270,Active
ASN-00363,PRJ-0131,con-033 ,Project Manager,2025-06-09,2025-12-31,0.1,315,Active
ASN-00364,PRJ-0131,CON-026 ,Lead Consultant,2025-06-12,2025-12-31,0.5,189,Active
ASN-00365,PRJ-0132,con-015 ,Project Manager,2024-06-27,2024-11-26,0.15,350,Closed
ASN-00366,PRJ-0132,CON-039,Change Analyst,2024-06-28,2024-11-26,0.2,150,Closed
ASN-00367,PRJ-0133,CON-006,Project Manager,2025-04-24,2025-06-30,0.25,256.5,Closed
ASN-00368,PRJ-0133, CON-042 ,Lead Consultant,2025-05-05,2025-06-30,0.3,171,Closed
ASN-00369,PRJ-0133,CON-048,Technical Specialist,2025-04-25,2025-06-30,0.5,256.5,Closed
ASN-00370,PRJ-0134,CON-059,Project Manager,2024-08-08,2024-12-19,0.2,297.5,Closed
ASN-00371,PRJ-0134,CON-067,Technical Specialist,2024-07-28,2024-12-19,0.4,187,Closed
ASN-00372,PRJ-0135,CON-022,Project Manager,2024-03-25,2024-05-19,0.3,270,Closed
ASN-00373,PRJ-0135,CON-071,Business Analyst,2024-03-15,2024-05-19,0.2,180,Closed
ASN-00374,PRJ-0135,CON-014,Change Analyst,2024-03-24,2024-05-19,0.2,220,Closed
ASN-00375,PRJ-0136,CON-006,Project Manager,2024-07-25,2024-09-21,0.25,256.5,Closed
ASN-00376,PRJ-0136,CON-005,Lead Consultant,2024-07-27,2024-09-21,0.6,171,Closed
ASN-00377,PRJ-0136,CON-051,Business Analyst,2024-07-20,2024-09-21,0.75,209,Closed
ASN-00378,PRJ-0137,CON-078,Project Manager,2024-07-12,2024-11-05,0.25,270,Closed
ASN-00379,PRJ-0137,CON-011,Technical Specialist,2024-07-18,2024-11-05,0.25,189,Closed
ASN-00380,PRJ-0137,CON-029,Delivery Consultant,2024-07-22,2024-11-05,1,189,Closed
ASN-00381,PRJ-0138,CON-036,Project Manager,2024-08-13,2024-11-05,0.3,350,Closed
ASN-00382,PRJ-0138,CON-071,Business Analyst,2024-08-13,2024-11-05,0.2,180,Closed
ASN-00383,PRJ-0139,CON-069,Project Manager,2023-11-27,2024-06-11,0.2,243,Closed
ASN-00384,PRJ-0139,CON-016,Business Analyst,2023-11-23,2024-06-11,0.3,162,Closed
ASN-00385,PRJ-0140,CON-059,Project Manager,2025-10-14,2025-12-12,0.2,297.5,Active
ASN-00386,PRJ-0140,CON-055,Technical Specialist,2025-10-12,2025-12-12,0.4,153,Active
ASN-00387,PRJ-0141,CON-056,Project Manager,2025-10-09,2025-12-31,0.25,297,Active
ASN-00388,PRJ-0141,CON-009,Lead Consultant,2025-10-01,2025-12-31,0.3,242,Active
ASN-00389,PRJ-0141,CON-053,Lead Consultant,2025-10-07,2025-12-31,0.2,242,Active
ASN-00390,PRJ-0142,CON-017,Project Manager,2024-01-04,2024-07-13,0.2,243,Closed
ASN-00391,PRJ-0142,CON-054,Lead Consultant,2023-12-23,2024-07-13,0.6,162,Closed
ASN-00392,PRJ-0142,CON-073,Delivery Consultant,2023-12-28,2024-07-13,0.2,198,Closed
ASN-00393,PRJ-0142,CON-004,Delivery Consultant,2023-12-21,2024-07-13,1,135,Closed
ASN-00394,PRJ-0143,CON-006,Project Manager,2025-08-25,2025-10-10,0.1,256.5,Closed
ASN-00395,PRJ-0143,CON-019,Delivery Consultant,2025-08-24,2025-10-10,0.2,209,Closed
ASN-00396,PRJ-0143,CON-072,Technical Specialist,2025-08-28,2025-10-10,0.5,142.5,Closed
ASN-00397,PRJ-0143,CON-012,Delivery Consultant,2025-08-31,2025-10-10,0.75,142.5,Closed
ASN-00398,PRJ-0144,CON-059,Project Manager,2023-10-04,2024-01-30,0.15,297.5,Closed
ASN-00399,PRJ-0144,CON-040,Change Analyst,2023-10-10,2024-01-30,0.6,187,Closed
ASN-00400,PRJ-0145,CON-069,Project Manager,2025-01-20,2025-07-17,0.1,243,Closed
ASN-00401,PRJ-0145,CON-054,Change Analyst,2025-01-14,2025-07-17,0.75,162,Closed
ASN-00402,PRJ-0146,CON-048,Project Manager,2023-01-11,2023-04-14,0.1,256.5,Active
ASN-00403,PRJ-0146,CON-005,Change Analyst,2023-01-07,2023-04-14,0.4,171,Active
ASN-00404,PRJ-0146,CON-001,Technical Specialist,2023-01-10,2023-04-14,0.75,171,Active
ASN-00405,PRJ-0147,CON-032,Project Manager,2024-11-11,2025-01-31,0.1,315,Closed
ASN-00406,PRJ-0147,CON-075,Delivery Consultant,2024-11-08,2025-01-31,1,315,Closed
ASN-00407,PRJ-0147,CON-017,Lead Consultant,2024-11-05,2025-01-31,0.2,243,Closed
ASN-00408,PRJ-0147,CON-073,Delivery Consultant,2024-11-14,2025-01-31,0.3,198,Closed
ASN-00409,PRJ-0148,CON-057,Project Manager,2023-04-30,2023-12-17,0.1,297,Closed
ASN-00410,PRJ-0148,CON-047,Delivery Consultant,2023-05-13,2023-12-17,0.2,242,Closed
ASN-00411,PRJ-0149,CON-059,Project Manager,2025-05-15,2025-08-06,0.2,297.5,Closed
ASN-00412,PRJ-0149 ,CON-034,Change Analyst,2025-05-13,2025-08-06,0.75,187,Closed
ASN-00413,PRJ-0149,CON-030,Business Analyst,2025-05-14,2025-08-06,0.5,153,Closed
ASN-00414,PRJ-0150,CON-006,Project Manager,2024-03-03,2024-09-03,0.1,256.5,Closed
ASN-00415,PRJ-0150,CON-003,Delivery Consultant,2024-02-22,2024-09-03,0.5,171,Closed
ASN-00416,PRJ-0151,CON-048,Project Manager,2025-04-11,2025-11-04,0.25,256.5,Closed
ASN-00417,PRJ-0151,CON-042,Change Analyst,2025-03-30,2025-11-04,0.3,171,Closed
ASN-00418,PRJ-0151,CON-080,Technical Specialist,2025-04-01,2025-11-04,0.4,142.5,Closed
ASN-00419,PRJ-0152,CON-032,Project Manager,2023-06-25,2023-08-31,0.2,315,Closed
ASN-00420,PRJ-0152,CON-054,Business Analyst,2023-07-03,2023-08-31,0.25,162,Closed
ASN-00421,PRJ-0152,CON-050,Business Analyst,2023-07-02,2023-08-31,0.6,198,Closed
ASN-00422,PRJ-0153,CON-022,Project Manager,2023-05-27,2023-10-10,0.15,270,Closed
ASN-00423,PRJ-0153,CON-010,Change Analyst,2023-05-24,2023-10-10,0.6,150,Closed
ASN-00424,PRJ-0153,CON-074,Delivery Consultant,2023-05-29,2023-10-10,0.75,270,Closed
ASN-00425,PRJ-0154,CON-059,Project Manager,2023-03-15,2023-05-19,0.2,297.5,Closed
ASN-00426,PRJ-0154,CON-030,Business Analyst,2023-03-03,2023-05-19,0.25,153,Closed
ASN-00427,PRJ-0154,CON-063,Business Analyst,2023-03-05,2023-05-19,0.6,127.5,Closed
ASN-00428,PRJ-0155,con-056 ,Project Manager,2023-06-17,2023-11-07,0.25,297,Closed
ASN-00429,PRJ-0155,CON-009,Delivery Consultant,2023-06-12,2023-11-07,0.3,242,Closed
ASN-00430,PRJ-0155,CON-013,Business Analyst,2023-06-08,2023-11-07,0.6,165,Closed
ASN-00431,PRJ-0156,CON-057,Project Manager,2023-04-23,2023-08-15,0.3,297,Closed
ASN-00432,PRJ-0156,CON-002,Technical Specialist,2023-04-30,2023-08-15,0.4,242,Closed
ASN-00433,PRJ-0156,CON-070,Business Analyst,2023-05-02,2023-08-15,0.3,198,Closed
ASN-00434,PRJ-0157,CON-059,Project Manager,2025-09-22,2025-12-31,0.2,297.5,Active
ASN-00435,PRJ-0157,CON-060,Technical Specialist,2025-10-02,2025-12-31,0.75,153,Active
ASN-00436,PRJ-0157,CON-055,Change Analyst,2025-09-26,2025-12-31,0.6,153,Active
ASN-00437,PRJ-0157,CON-034,Technical Specialist,2025-09-17,2025-12-31,0.2,187,Active
ASN-00438,PRJ-0158,CON-033,Project Manager,2023-11-16,2023-12-14,0.2,315,Closed
ASN-00439,PRJ-0158,CON-004,Delivery Consultant,2023-11-25,2023-12-14,0.75,135,Closed
ASN-00440,PRJ-0158,CON-054,Delivery Consultant,2023-11-18,2023-12-14,0.4,162,Closed
ASN-00441,PRJ-0159,CON-048,Project Manager,2023-01-12,2023-07-13,0.2,256.5,Closed
ASN-00442,PRJ-0159,CON-042,Lead Consultant,2023-01-22,2023-07-13,0.75,171,Closed
ASN-00443,PRJ-0160,CON-033,Project Manager,2025-04-22,2025-08-07,0.2,315,Closed
ASN-00444,PRJ-0160,CON-004,Technical Specialist,2025-04-30,2025-08-07,1,135,Closed
ASN-00445,PRJ-0160,CON-032,Change Analyst,2025-04-27,2025-08-07,1,315,Closed
ASN-00446,PRJ-0161,CON-033,Project Manager,2023-12-10,2024-06-22,0.25,315,Closed
ASN-00447,PRJ-0161,CON-004,Change Analyst,2023-12-23,2024-06-22,1,135,Closed
ASN-00448,PRJ-0162,CON-048,Project Manager,2023-08-05,2024-01-26,0.15,256.5,Active
ASN-00449,PRJ-0162,CON-001,Lead Consultant,2023-08-15,2024-01-26,0.6,171,Active
ASN-00450,PRJ-0163,CON-056,Project Manager,2025-06-17,2025-11-04,0.15,297,Closed
ASN-00451,PRJ-0163,CON-070,Change Analyst,2025-06-15,2025-11-04,0.5,198,Closed
ASN-00452,PRJ-0164,CON-048,Project Manager,2024-04-08,2024-11-03,0.2,256.5,Closed
ASN-00453,PRJ-0164,CON-007,Change Analyst,2024-04-19,2024-11-03,0.5,142.5,Closed
ASN-00454,PRJ-0165,CON-057,Project Manager,2023-07-28,2023-09-09,0.3,297,Closed
ASN-00455,PRJ-0165,CON-021,Business Analyst,2023-07-23,2023-09-09,0.2,198,Closed
ASN-00456,PRJ-0165,CON-047,Change Analyst,2023-07-19,2023-09-09,0.25,242,Closed
ASN-00457,PRJ-0165,CON-009,Delivery Consultant,2023-07-19,2023-09-09,0.25,242,Closed
ASN-00458,PRJ-0166,CON-017,Project Manager,2025-08-14,2025-12-31,0.1,243,Active
ASN-00459,PRJ-0166,CON-050,Business Analyst,2025-08-13,2025-12-31,0.25,198,Active
ASN-00460,PRJ-0166,CON-032,Delivery Consultant,2025-08-20,2025-12-31,0.3,315,Active
ASN-00461,PRJ-0167,CON-048,Project Manager,2025-08-16,2025-12-31,0.3,256.5,Active
ASN-00462,PRJ-0167,CON-020,Change Analyst,2025-08-23,2025-12-31,0.2,209,Active
ASN-00463,PRJ-0168,CON-017,Project Manager,2023-05-16,2023-08-03,0.2,243,Closed
ASN-00464,PRJ-0168,CON-011,Business Analyst,2023-05-08,2023-08-03,1,189,Closed
ASN-00465,PRJ-0168,CON-026,Business Analyst,2023-05-26,2023-08-03,0.5,189,Closed
ASN-00466,PRJ-0168,CON-029,Change Analyst,2023-05-23,2023-08-03,0.3,189,Closed
ASN-00467,PRJ-0169,CON-077,Project Manager,2023-05-16,2023-07-01,0.15,256.5,Closed
ASN-00468,PRJ-0169,CON-020,Technical Specialist,2023-05-05,2023-07-01,1,209,Closed
ASN-00469,PRJ-0170,CON-015,Project Manager,2023-12-08,2024-01-22,0.3,350,Closed
ASN-00470,PRJ-0170,CON-036,Lead Consultant,2023-12-03,2024-01-22,0.75,350,Closed
ASN-00471,PRJ-0170,CON-062,Lead Consultant,2023-11-30,2024-01-22,0.5,220,Closed
ASN-00472,PRJ-0171,CON-059,Project Manager,2025-03-04,2025-06-28,0.25,297.5,Closed
ASN-00473,PRJ-0171,CON-063,Lead Consultant,2025-02-22,2025-06-28,0.5,127.5,Closed
ASN-00474,PRJ-0172,CON-015,Project Manager,2023-12-26,2024-07-11,0.2,350,Closed
ASN-00475,PRJ-0172,CON-068,Technical Specialist,2024-01-01,2024-07-11,0.4,157.5,Closed
ASN-00476,PRJ-0172,CON-029,Change Analyst,2024-01-07,2024-07-11,0.6,189,Closed
ASN-00477,PRJ-0173,CON-056,Project Manager,2023-04-26,2023-06-06,0.15,297,Closed
ASN-00478,PRJ-0173,CON-070,Lead Consultant,2023-05-07,2023-06-06,1,198,Closed
ASN-00479,PRJ-0173,CON-018,Change Analyst,2023-04-28,2023-06-06,0.3,198,Closed
ASN-00480,PRJ-0174,CON-059,Project Manager,2025-03-02,2025-04-13,0.15,297.5,Closed
ASN-00481,PRJ-0174,CON-055,Business Analyst,2025-02-23,2025-04-13,0.25,153,Closed
ASN-00482,PRJ-0175,CON-069,Project Manager,2023-01-18,2023-05-06,0.2,243,Closed
ASN-00483,PRJ-0175,CON-075,Delivery Consultant,2023-01-29,2023-05-06,0.4,315,Closed
ASN-00484,PRJ-0175,CON-033,Lead Consultant,2023-01-23,2023-05-06,0.2,315,Closed
ASN-00485,PRJ-0176,CON-006,Project Manager,2023-05-25,2023-12-22,0.25,256.5,Closed
ASN-00486,PRJ-0176,CON-048,Change Analyst,2023-06-04,2023-12-22,0.6,256.5,Closed
ASN-00487,PRJ-0177,CON-074,Project Manager,2024-08-19,2024-10-23,0.3,270,Closed
ASN-00488,PRJ-0177,CON-071,Lead Consultant,2024-08-25,2024-10-23,0.5,180,Closed
ASN-00489,PRJ-0178,CON-059,Project Manager,2025-08-06,2025-12-31,0.1,297.5,Active
ASN-00490,PRJ-0178,CON-064,Lead Consultant,2025-08-12,2025-12-31,0.6,127.5,Active
ASN-00491,PRJ-0178,CON-063,Lead Consultant,2025-08-16,2025-12-31,0.2,127.5,Active
ASN-00492,PRJ-0178,CON-055,Lead Consultant,2025-08-19,2025-12-31,0.6,153,Active
ASN-00493,PRJ-0179,CON-056,Project Manager,2025-09-27,2025-12-31,0.3,297,Active
ASN-00494,PRJ-0179,CON-058,Business Analyst,2025-10-09,2025-12-31,0.6,165,Active
ASN-00495,PRJ-0179,CON-065,Technical Specialist,2025-10-11,2025-12-31,1,242,Active
ASN-00496,PRJ-0180,CON-057,Project Manager,2023-10-05,2024-02-29,0.1,297,Closed
ASN-00497,PRJ-0180,CON-065,Technical Specialist,2023-10-13,2024-02-29,0.25,242,Closed
ASN-00498,PRJ-0180,CON-053,Business Analyst,2023-09-29,2024-02-29,1,242,Closed
ASN-00499,PRJ-0181,CON-056,Project Manager,2023-12-01,2024-01-17,0.1,297,Closed
ASN-00500,PRJ-0181,CON-013,Change Analyst,2023-12-08,2024-01-17,0.2,165,Closed
ASN-00501,PRJ-0181,CON-009,Lead Consultant,2023-12-05,2024-01-17,0.2,242,Closed
ASN-00502,PRJ-0182,CON-077,Project Manager,2024-07-19,2024-10-19,0.2,256.5,Closed
ASN-00503,PRJ-0182,CON-005,Lead Consultant,2024-07-07,2024-10-19,0.6,171,Closed
ASN-00504,PRJ-0183,CON-057,Project Manager,2024-04-22,2024-09-22,0.15,297,Closed
ASN-00505,PRJ-0183,CON-021,Business Analyst,2024-04-27,2024-09-22,0.75,198,Closed
ASN-00506,PRJ-0183,CON-053,Lead Consultant,2024-04-26,2024-09-22,0.6,242,Closed
ASN-00507,PRJ-0184,CON-038,Project Manager,2023-10-31,2024-06-15,0.25,256.5,Closed
ASN-00508, PRJ-0184,CON-048,Technical Specialist,2023-11-12,2024-06-15,0.5,256.5,Closed
ASN-00509,PRJ-0184,CON-006,Technical Specialist,2023-11-07,2024-06-15,1,256.5,Closed
ASN-00510,PRJ-0185,CON-022,Project Manager,2024-03-14,2024-03-15,0.1,270,Closed
ASN-00511,PRJ-0185,CON-037,Change Analyst,2024-03-07,2024-03-15,0.25,180,Closed
ASN-00512,PRJ-0185,CON-015,Change Analyst,2024-03-05,2024-03-15,0.4,350,Closed
ASN-00513,PRJ-0186,CON-038,Project Manager,2025-05-17,2025-10-13,0.2,256.5,Closed
ASN-00514,PRJ-0186,CON-052,Technical Specialist,2025-05-22,2025-10-13,0.5,142.5,Closed
ASN-00515,PRJ-0186,CON-048,Change Analyst,2025-05-29,2025-10-13,0.2,256.5,Closed
ASN-00516,PRJ-0186,CON-023,Lead Consultant,2025-06-02,2025-10-13,0.5,171,Closed
ASN-00517,PRJ-0187,CON-077,Project Manager,2025-02-16,2025-02-22,0.25,256.5,Closed
ASN-00518,PRJ-0187,CON-005,Business Analyst,2025-02-07,2025-02-22,0.5,171,Closed
ASN-00519,PRJ-0187,CON-076,Delivery Consultant,2025-02-02,2025-02-22,0.75,171,Closed
ASN-00520,PRJ-0188,CON-059,Project Manager,2024-01-09,2024-06-13,0.3,297.5,Closed
ASN-00521,PRJ-0188,CON-067,Change Analyst,2024-01-09,2024-06-13,0.6,187,Closed
ASN-00522,PRJ-0188,CON-055,Lead Consultant,2024-01-18,2024-06-13,0.3,153,Closed
ASN-00523,PRJ-0189,CON-038,Project Manager,2023-02-03,2023-05-18,0.3,256.5,Closed
ASN-00524,PRJ-0189,CON-007,Lead Consultant,2023-01-27,2023-05-18,0.25,142.5,Closed
ASN-00525,PRJ-0189,CON-035,Business Analyst,2023-02-01,2023-05-18,0.25,142.5,Closed
ASN-00526,PRJ-0190,CON-077,Project Manager,2024-08-03,2024-12-19,0.15,256.5,Closed
ASN-00527,PRJ-0190,CON-007,Business Analyst,2024-07-27,2024-12-19,0.2,142.5,Closed
ASN-00528,PRJ-0190,CON-072,Change Analyst,2024-08-09,2024-12-19,0.4,142.5,Closed
ASN-00529,PRJ-0191,CON-033,Project Manager,2025-09-01,2025-12-16,0.2,315,Active
ASN-00530,PRJ-0191,CON-004,Delivery Consultant,2025-08-20,2025-12-16,0.3,135,Active
ASN-00531,prj-0191 ,CON-075,Change Analyst,2025-08-19,2025-12-16,0.5,315,Active
ASN-00532,PRJ-0191,CON-017,Technical Specialist,2025-08-29,2025-12-16,0.4,243,Active
ASN-00533,PRJ-0192,CON-057,Project Manager,2023-12-27,2024-02-12,0.25,297,Closed
ASN-00534,PRJ-0192,CON-002,Technical Specialist,2023-12-28,2024-02-12,0.3,242,Closed
ASN-00535,PRJ-0192,CON-056,Lead Consultant,2024-01-06,2024-02-12,0.25,297,Closed
ASN-00536,PRJ-0193,CON-015,Project Manager,2023-09-09,2023-12-02,0.2,350,Closed
ASN-00537,PRJ-0193,CON-045,Business Analyst,2023-09-01,2023-12-02,0.5,157.5,Closed
ASN-00538,PRJ-0194,CON-059,Project Manager,2025-09-09,2025-09-17,0.3,297.5,Closed
ASN-00539,PRJ-0194,CON-064,Change Analyst,2025-09-04,2025-09-17,0.75,127.5,Closed
ASN-00540,PRJ-0195,CON-006,Project Manager,2024-12-16,2025-04-05,0.1,256.5,Closed
ASN-00541,PRJ-0195,CON-051,Technical Specialist,2024-12-22,2025-04-05,0.5,209,Closed
ASN-00542,PRJ-0196, CON-032 ,Project Manager,2024-03-15,2024-06-11,0.3,315,Closed
ASN-00543,PRJ-0196,CON-075,Technical Specialist,2024-03-24,2024-06-11,0.5,315,Closed
ASN-00544,PRJ-0197,CON-056,Project Manager,2025-07-04,2025-08-08,0.25,297,Closed
ASN-00545,PRJ-0197,CON-057,Business Analyst,2025-07-05,2025-08-08,0.6,297,Closed
ASN-00546,PRJ-0198,CON-057,Project Manager,2025-04-14,2025-11-20,0.3,297,Closed
ASN-00547,PRJ-0198,CON-047,Change Analyst,2025-04-09,2025-11-20,0.4,242,Closed
ASN-00548,PRJ-0198,CON-056,Lead Consultant,2025-04-18,2025-11-20,0.25,297,Closed
ASN-00549,PRJ-0198,CON-053,Technical Specialist,2025-04-06,2025-11-20,0.4,242,Closed
ASN-00550,PRJ-0199,CON-075,Project Manager,2024-04-04,2024-06-17,0.25,315,Closed
ASN-00551,PRJ-0199,CON-069,Change Analyst,2024-04-04,2024-06-17,0.5,243,Closed
ASN-00552,PRJ-0199,CON-054,Technical Specialist,2024-04-04,2024-06-17,0.3,162,Closed
ASN-00553,PRJ-0200,CON-022,Project Manager,2023-02-11,2023-04-29,0.1,270,Closed
ASN-00554,PRJ-0200,CON-036,Change Analyst,2023-02-20,2023-04-29,0.4,350,Closed
ASN-00555,PRJ-0201,CON-056,Project Manager,2024-04-27,2024-11-22,0.1,297,Closed
ASN-00556,PRJ-0201,CON-021,Business Analyst,2024-05-08,2024-11-22,0.25,198,Closed
ASN-00557,PRJ-0201,CON-065,Lead Consultant,2024-05-15,2024-11-22,0.5,242,Closed
ASN-00558,PRJ-0201,CON-013,Technical Specialist,2024-05-15,2024-11-22,0.2,165,Closed
ASN-00559,PRJ-0202,CON-048,Project Manager,2023-06-09,2023-07-31,0.2,256.5,Active
ASN-00560,PRJ-0202,CON-019,Lead Consultant,2023-06-12,2023-07-31,0.25,209,Active
ASN-00561,PRJ-0202,CON-076,Change Analyst,2023-06-19,2023-07-31,0.5,171,Active
ASN-00562,PRJ-0203,CON-077,Project Manager,2024-02-02,2024-06-14,0.2,256.5,Closed
ASN-00563,PRJ-0203,CON-011,Lead Consultant,2024-02-02,2024-06-14,0.3,189,Closed
ASN-00564,PRJ-0203,CON-061,Lead Consultant,2024-01-31,2024-06-14,1,189,Closed
ASN-00565,PRJ-0204,CON-059,Project Manager,2024-12-28,2025-05-24,0.2,297.5,Closed
ASN-00566,PRJ-0204,CON-064,Change Analyst,2024-12-30,2025-05-24,0.25,127.5,Closed
ASN-00567,PRJ-0205,CON-006,Project Manager,2024-01-09,2024-07-15,0.2,256.5,Active
ASN-00568,PRJ-0205,CON-035,Change Analyst,2024-01-01,2024-07-15,0.3,142.5,Active
ASN-00569,PRJ-0205,CON-019,Delivery Consultant,2024-01-04,2024-07-15,1,209,Active
ASN-00570,PRJ-0206,CON-017,Project Manager,2024-08-15,2024-11-14,0.2,243,Closed
ASN-00571,PRJ-0206,CON-069,Technical Specialist,2024-08-21,2024-11-14,0.5,243,Closed
ASN-00572,PRJ-0207,CON-059,Project Manager,2025-10-22,2025-12-31,0.2,297.5,Active
ASN-00573,PRJ-0207,CON-055,Delivery Consultant,2025-10-06,2025-12-31,0.5,153,Active
ASN-00574,PRJ-0208,CON-059,Project Manager,2025-03-14,2025-06-18,0.15,297.5,Closed
ASN-00575,PRJ-0208,CON-040,Delivery Consultant,2025-03-07,2025-06-18,0.25,187,Closed
ASN-00576,PRJ-0208,CON-063,Technical Specialist,2025-03-04,2025-06-18,0.25,127.5,Closed
ASN-00577,PRJ-0209,CON-056,Project Manager,2024-07-01,2024-08-28,0.2,297,Closed
ASN-00578,PRJ-0209, CON-053,Business Analyst,2024-07-09,2024-08-28,0.2,242,Closed
ASN-00579,PRJ-0209,CON-065,Business Analyst,2024-07-11,2024-08-28,0.6,242,Closed
ASN-00580,PRJ-0209,CON-047,Change Analyst,2024-06-30,2024-08-28,1,242,Closed
ASN-00581,prj-0210,CON-032,Project Manager,2023-04-06,2023-08-08,0.25,315,Closed
ASN-00582, PRJ-0210,CON-046,Lead Consultant,2023-04-14,2023-08-08,0.2,135,Closed
ASN-00583,PRJ-0211,CON-006,Project Manager,2025-01-29,2025-05-09,0.3,256.5,Closed
ASN-00584,PRJ-0211,CON-072,Change Analyst,2025-02-05,2025-05-09,0.3,142.5,Closed
ASN-00585,PRJ-0212,CON-059,Project Manager,2025-10-19,2025-12-31,0.1,297.5,Active
ASN-00586,PRJ-0212,CON-040,Business Analyst,2025-10-25,2025-12-31,0.25,187,Active
ASN-00587,PRJ-0213,CON-038,Project Manager,2025-05-10,2025-07-03,0.3,256.5,Closed
ASN-00588,PRJ-0213,CON-007,Business Analyst,2025-05-12,2025-07-03,0.75,142.5,Closed
ASN-00589,PRJ-0213,CON-048,Delivery Consultant,2025-05-06,2025-07-03,0.5,256.5,Closed
ASN-00590,PRJ-0213,CON-077,Lead Consultant,2025-05-04,2025-07-03,0.3,256.5,Closed
ASN-00591,PRJ-0214,CON-059,Project Manager,2023-12-07,2024-02-11,0.15,297.5,Closed
ASN-00592,PRJ-0214,CON-067,Delivery Consultant,2023-12-07,2024-02-11,0.3,187,Closed
ASN-00593,PRJ-0214,CON-030,Business Analyst,2023-12-12,2024-02-11,1,153,Closed
ASN-00594,PRJ-0215,CON-006,Project Manager,2023-05-24,2023-12-23,0.1,256.5,Closed
ASN-00595,PRJ-0215,CON-045,Change Analyst,2023-05-20,2023-12-23,0.5,157.5,Closed
ASN-00596,PRJ-0216,CON-057,Project Manager,2023-06-02,2023-07-17,0.2,297,Closed
ASN-00597,PRJ-0216,CON-047,Technical Specialist,2023-06-09,2023-07-17,1,242,Closed
ASN-00598,PRJ-0216,CON-018,Change Analyst,2023-06-07,2023-07-17,0.5,198,Closed
ASN-00599,PRJ-0217,CON-069,Project Manager,2025-04-26,2025-05-18,0.1,243,Closed
ASN-00600,PRJ-0217,CON-032,Delivery Consultant,2025-04-22,2025-05-18,0.25,315,Closed
ASN-00601,PRJ-0217,CON-075,Business Analyst,2025-04-24,2025-05-18,1,315,Closed
ASN-00602,PRJ-0218,CON-033,Project Manager,2024-05-16,2024-08-22,0.2,315,Closed
ASN-00603,PRJ-0218,CON-046,Change Analyst,2024-05-18,2024-08-22,0.75,135,Closed
ASN-00604,PRJ-0218,CON-075,Lead Consultant,2024-05-26,2024-08-22,0.5,315,Closed
ASN-00605,PRJ-0219,CON-048,Project Manager,2025-09-21,2025-12-31,0.3,256.5,Active
ASN-00606,PRJ-0219,CON-077,Delivery Consultant,2025-09-28,2025-12-31,0.2,256.5,Active
ASN-00607,PRJ-0220,CON-059,Project Manager,2023-09-12,2024-01-18,0.25,297.5,Closed
ASN-00608,PRJ-0220,CON-064,Technical Specialist,2023-09-07,2024-01-18,0.5,127.5,Closed
ASN-00609,PRJ-0220,CON-060,Lead Consultant,2023-09-02,2024-01-18,0.5,153,Closed
ASN-00610,PRJ-0220,CON-030,Business Analyst,2023-09-06,2024-01-18,0.25,153,Closed
ASN-00611,PRJ-0221,CON-036,Project Manager,2023-06-13,2023-10-03,0.15,350,Closed
ASN-00612,PRJ-0221,CON-078,Business Analyst,2023-06-15,2023-10-03,0.3,270,Closed
ASN-00613,PRJ-0221,CON-041,Business Analyst,2023-06-18,2023-10-03,0.75,150,Closed
ASN-00614,PRJ-0221,CON-043,Technical Specialist,2023-06-17,2023-10-03,0.6,220,Closed
ASN-00615,PRJ-0222,CON-077,Project Manager,2025-06-05,2025-10-23,0.25,256.5,Closed
ASN-00616,PRJ-0222,CON-048,Business Analyst,2025-05-16,2025-10-23,0.2,256.5,Closed
ASN-00617,PRJ-0222,CON-003,Change Analyst,2025-06-05,2025-10-23,0.6,171,Closed
ASN-00618,PRJ-0223,CON-057,Project Manager,2024-12-30,2025-04-22,0.1,297,Closed
ASN-00619,PRJ-0223,CON-013,Delivery Consultant,2025-01-14,2025-04-22,0.2,165,Closed
ASN-00620,PRJ-0223,CON-058,Technical Specialist,2024-12-28,2025-04-22,0.75,165,Closed
ASN-00621,PRJ-0224,CON-006,Project Manager,2025-10-23,2025-12-04,0.2,256.5,Active
ASN-00622,PRJ-0224,CON-020,Lead Consultant,2025-10-23,2025-12-04,0.5,209,Active
ASN-00623,PRJ-0225,CON-015,Project Manager,2023-09-29,2024-01-05,0.3,350,Closed
ASN-00624,PRJ-0225, CON-066,Technical Specialist,2023-10-08,2024-01-05,0.5,150,Closed
ASN-00625,PRJ-0225,CON-039,Business Analyst,2023-09-27,2024-01-05,0.25,150,Closed
ASN-00626,PRJ-0226,CON-038,Project Manager,2023-06-01,2023-08-03,0.2,256.5,Active
ASN-00627, PRJ-0226 ,CON-005,Change Analyst,2023-05-27,2023-08-03,0.5,171,Active
ASN-00628,PRJ-0226,CON-052,Change Analyst,2023-06-02,2023-08-03,0.3,142.5,Active
ASN-00629,PRJ-0227,CON-036,Project Manager,2025-04-26,2025-09-05,0.1,350,Closed
ASN-00630,PRJ-0227,CON-022,Technical Specialist,2025-05-02,2025-09-05,0.6,270,Closed
ASN-00631,PRJ-0227,CON-015,Lead Consultant,2025-05-05,2025-09-05,1,350,Closed
ASN-00632,PRJ-0227,CON-014,Delivery Consultant,2025-04-29,2025-09-05,0.4,220,Closed
ASN-00633,PRJ-0228,CON-015,Project Manager,2024-07-12,2024-08-31,0.15,350,Closed
ASN-00634,PRJ-0228,CON-026,Delivery Consultant,2024-07-18,2024-08-31,0.2,189,Closed
ASN-00635,PRJ-0228,con-061,Change Analyst,2024-07-10,2024-08-31,0.6,189,Closed
ASN-00636,PRJ-0228,CON-029,Change Analyst,2024-07-05,2024-08-31,0.5,189,Closed
ASN-00637,PRJ-0229,CON-038,Project Manager,2023-03-22,2023-07-30,0.15,256.5,Closed
ASN-00638,PRJ-0229,CON-035,Lead Consultant,2023-03-18,2023-07-30,0.6,142.5,Closed
ASN-00639,PRJ-0230,CON-006,Project Manager,2023-02-14,2023-07-12,0.1,256.5,Closed
ASN-00640,PRJ-0230,CON-023,Delivery Consultant,2023-02-16,2023-07-12,1,171,Closed
ASN-00641,PRJ-0230,CON-042,Change Analyst,2023-02-16,2023-07-12,0.2,171,Closed
ASN-00642,PRJ-0230,CON-051,Change Analyst,2023-02-21,2023-07-12,1,209,Closed
ASN-00643,PRJ-0231,CON-017,Project Manager,2024-07-08,2025-01-22,0.15,243,Closed
ASN-00644,PRJ-0231,CON-032,Lead Consultant,2024-07-09,2025-01-22,0.3,315,Closed
ASN-00645,PRJ-0232,CON-006,Project Manager,2025-01-05,2025-03-01,0.1,256.5,Closed
ASN-00646,PRJ-0232,CON-038,Business Analyst,2025-01-07,2025-03-01,0.4,256.5,Closed
ASN-00647,PRJ-0233,CON-078,Project Manager,2025-06-04,2025-08-15,0.1,270,Active
ASN-00648,PRJ-0233,CON-041,Lead Consultant,2025-06-13,2025-08-15,0.6,150,Active
ASN-00649,PRJ-0234,CON-077,Project Manager,2024-05-20,2024-07-28,0.15,256.5,Closed
ASN-00650,PRJ-0234,CON-001,Business Analyst,2024-05-21,2024-07-28,0.2,171,Closed
ASN-00651,PRJ-0235,CON-022,Project Manager,2025-03-24,2025-05-18,0.1,270,Closed
ASN-00652,PRJ-0235,CON-039,Business Analyst,2025-03-28,2025-05-18,0.5,150,Closed
ASN-00653,PRJ-0235,CON-043,Technical Specialist,2025-03-27,2025-05-18,0.75,220,Closed
ASN-00654,PRJ-0235,CON-037,Business Analyst,2025-03-30,2025-05-18,1,180,Closed
ASN-00655,PRJ-0236,CON-022,Project Manager,2023-11-03,2024-04-18,0.15,270,Closed
ASN-00656,PRJ-0236,CON-062,Lead Consultant,2023-10-29,2024-04-18,0.25,220,Closed
ASN-00657,PRJ-0236,CON-071,Lead Consultant,2023-10-30,2024-04-18,0.3,180,Closed
ASN-00658,prj-0237,CON-057,Project Manager,2023-08-13,2023-09-29,0.2,297,Closed
ASN-00659,PRJ-0237,CON-002,Change Analyst,2023-08-12,2023-09-29,1,242,Closed
ASN-00660,prj-0238,CON-056,Project Manager,2025-02-03,2025-03-09,0.2,297,Closed
ASN-00661,PRJ-0238,CON-058,Lead Consultant,2025-01-25,2025-03-09,0.75,165,Closed
ASN-00662,PRJ-0238,CON-018,Business Analyst,2025-02-02,2025-03-09,0.75,198,Closed
ASN-00663,PRJ-0239,CON-056,Project Manager,2023-05-18,2023-08-30,0.25,297,Closed
ASN-00664,PRJ-0239,CON-057,Delivery Consultant,2023-06-06,2023-08-30,0.75,297,Closed
ASN-00665,PRJ-0239,con-053 ,Lead Consultant,2023-05-24,2023-08-30,1,242,Closed
ASN-00666,PRJ-0240,CON-078,Project Manager,2024-04-20,2024-09-04,0.3,270,Closed
ASN-00667,PRJ-0240,CON-014,Delivery Consultant,2024-05-05,2024-09-04,0.6,220,Closed
ASN-00668,PRJ-0240,CON-036,Change Analyst,2024-05-07,2024-09-04,0.6,350,Closed
ASN-00669,PRJ-0240,CON-041,Lead Consultant,2024-04-28,2024-09-04,0.25,150,Closed
ASN-00670,PRJ-0241,CON-006,Project Manager,2025-08-23,2025-12-31,0.25,256.5,Active
ASN-00671,PRJ-0241,CON-029,Lead Consultant,2025-08-24,2025-12-31,0.75,189,Active
ASN-00672,PRJ-0241,CON-044,Delivery Consultant,2025-08-12,2025-12-31,0.6,157.5,Active
ASN-00673,PRJ-0242,CON-059,Project Manager,2025-05-25,2025-09-22,0.1,297.5,Closed
ASN-00674,prj-0242 ,CON-067,Change Analyst,2025-05-31,2025-09-22,0.5,187,Closed
ASN-00675,PRJ-0242,CON-063,Change Analyst,2025-05-28,2025-09-22,0.6,127.5,Closed
ASN-00676,PRJ-0243,CON-048,Project Manager,2025-09-02,2025-12-31,0.15,256.5,Active
ASN-00677,PRJ-0243,CON-023,Delivery Consultant,2025-09-05,2025-12-31,1,171,Active
ASN-00678,PRJ-0243,CON-019,Business Analyst,2025-08-30,2025-12-31,0.5,209,Active
ASN-00679,PRJ-0244,CON-022,Project Manager,2024-08-15,2025-02-13,0.25,270,Closed
ASN-00680,PRJ-0244,CON-015,Delivery Consultant,2024-08-10,2025-02-13,1,350,Closed
ASN-00681,PRJ-0244,CON-043,Business Analyst,2024-08-03,2025-02-13,0.5,220,Closed
ASN-00682,PRJ-0244,CON-039,Change Analyst,2024-08-02,2025-02-13,0.25,150,Closed
ASN-00683,PRJ-0245,CON-078,Project Manager,2024-05-29,2024-08-27,0.25,270,Closed
ASN-00684,PRJ-0245,CON-036,Business Analyst,2024-05-17,2024-08-27,0.75,350,Closed
ASN-00685,PRJ-0245,CON-062,Delivery Consultant,2024-05-31,2024-08-27,0.2,220,Closed
ASN-00686,PRJ-0246,CON-059,Project Manager,2024-03-18,2024-09-01,0.2,297.5,Closed
ASN-00687,PRJ-0246,CON-040,Business Analyst,2024-03-11,2024-09-01,0.2,187,Closed
ASN-00688,PRJ-0246,con-060,Lead Consultant,2024-03-16,2024-09-01,1,153,Closed
ASN-00689,PRJ-0246,CON-030,Business Analyst,2024-03-22,2024-09-01,0.4,153,Closed
ASN-00690,PRJ-0247,CON-006,Project Manager,2023-06-15,2023-08-06,0.2,256.5,Closed
ASN-00691,PRJ-0247,CON-019,Business Analyst,2023-06-10,2023-08-06,0.6,209,Closed
ASN-00692,PRJ-0248,CON-006,Project Manager,2025-03-16,2025-07-17,0.25,256.5,Closed
ASN-00693,PRJ-0248,CON-051,Delivery Consultant,2025-03-21,2025-07-17,0.75,209,Closed
ASN-00694,PRJ-0248,CON-023,Lead Consultant,2025-03-11,2025-07-17,0.2,171,Closed
ASN-00695,PRJ-0248,CON-052,Delivery Consultant,2025-03-16,2025-07-17,0.3,142.5,Closed
ASN-00696,PRJ-0249,CON-032,Project Manager,2024-07-10,2025-01-03,0.1,315,Closed
ASN-00697,PRJ-0249,CON-044,Lead Consultant,2024-06-30,2025-01-03,0.5,157.5,Closed
ASN-00698,PRJ-0250,CON-036,Project Manager,2024-03-18,2024-10-07,0.2,350,Closed
ASN-00699,PRJ-0250,CON-022,Business Analyst,2024-03-16,2024-10-07,0.75,270,Closed
ASN-00700,PRJ-0251,CON-048,Project Manager,2024-11-09,2025-05-05,0.3,256.5,Closed
ASN-00701,PRJ-0251,CON-061,Technical Specialist,2024-11-08,2025-05-05,0.75,189,Closed
ASN-00702,PRJ-0251,CON-026,Delivery Consultant,2024-11-21,2025-05-05,0.3,189,Closed
ASN-00703,PRJ-0252,CON-022,Project Manager,2024-02-04,2024-03-20,0.3,270,Closed
ASN-00704,PRJ-0252,CON-078,Lead Consultant,2024-01-30,2024-03-20,0.3,270,Closed
ASN-00705,PRJ-0252,CON-074,Delivery Consultant,2024-01-29,2024-03-20,0.25,270,Closed
ASN-00706,PRJ-0253,CON-032,Project Manager,2023-10-14,2023-12-11,0.2,315,Closed
ASN-00707,PRJ-0253,CON-073 ,Delivery Consultant,2023-10-12,2023-12-11,0.75,198,Closed
ASN-00708,PRJ-0253,CON-016 ,Lead Consultant,2023-10-21,2023-12-11,0.2,162,Closed
ASN-00709,PRJ-0254,CON-022,Project Manager,2023-01-25,2023-03-06,0.2,270,Closed
ASN-00710,PRJ-0254,CON-066,Business Analyst,2023-01-24,2023-03-06,0.25,150,Closed
ASN-00711,PRJ-0254,CON-071,Change Analyst,2023-01-20,2023-03-06,0.4,180,Closed
ASN-00712,PRJ-0255,CON-057,Project Manager,2023-02-08,2023-07-06,0.3,297,Closed
ASN-00713,PRJ-0255, CON-065 ,Technical Specialist,2023-02-11,2023-07-06,0.75,242,Closed
ASN-00714,PRJ-0255,CON-021,Delivery Consultant,2023-01-29,2023-07-06,0.25,198,Closed
ASN-00715,PRJ-0256,CON-057,Project Manager,2025-05-29,2025-08-24,0.3,297,Closed
ASN-00716,PRJ-0256,CON-047,Technical Specialist,2025-05-28,2025-08-24,0.2,242,Closed
ASN-00717,PRJ-0257,CON-078,Project Manager,2024-03-18,2024-10-24,0.25,270,Closed
ASN-00718,PRJ-0257,CON-037,Delivery Consultant,2024-03-13,2024-10-24,1,180,Closed
ASN-00719,PRJ-0257,CON-071,Delivery Consultant,2024-03-05,2024-10-24,0.6,180,Closed
ASN-00720,PRJ-0258,CON-078,Project Manager,2025-03-01,2025-04-20,0.2,270,Closed
ASN-00721,PRJ-0258,CON-026,Business Analyst,2025-02-25,2025-04-20,0.5,189,Closed
ASN-00722,PRJ-0259,con-059 ,Project Manager,2025-01-18,2025-08-21,0.3,297.5,Active
ASN-00723,PRJ-0259,CON-030,Delivery Consultant,2025-01-16,2025-08-21,0.75,153,Active
ASN-00724,PRJ-0260,CON-059,Project Manager,2025-07-16,2025-10-02,0.15,297.5,Closed
ASN-00725,PRJ-0260,CON-067,Technical Specialist,2025-07-13,2025-10-02,0.6,187,Closed
ASN-00726,PRJ-0260,CON-060,Business Analyst,2025-07-14,2025-10-02,0.3,153,Closed
